location_name,approx_lat,approx_lng,category,source_name,source_url,notes
Ambattur Estate Third Main Road / Ambattur Telephone Exchange,13.1148,80.1553,unsafe_road_no_footpath,Times of India,https://timesofindia.indiatimes.com/city/chennai/ambattur-estates-3rd-main-road-is-full-of-potholes-prone-to-accidents/articleshow/104117310.cms,"Named accident blackspot; report says at least 700 accidents were recorded near Ambattur Telephone Exchange over three years, with potholes and poor lighting. Historical report."
"Ambattur Estate High Road, 2nd Avenue junction to Chennai Bypass",13.1157,80.1604,poor_lighting,Times of India,https://timesofindia.indiatimes.com/city/chennai/chennai-parts-of-ambattur-estate-road-have-no-streetlights/articleshow/93563775.cms,About 200 m reported without streetlights; local residents also reported chain-snatching and theft on the stretch. Historical report.
"Ambattur Estate High Road, 2nd Avenue junction to Chennai Bypass",13.1157,80.1604,robbery_theft_prone,Times of India,https://timesofindia.indiatimes.com/city/chennai/chennai-parts-of-ambattur-estate-road-have-no-streetlights/articleshow/93563775.cms,Area-level/road-stretch report: residents complained of a spike in chain-snatching and theft. Historical report.
Nanganallur 5th Main Road,12.9791,80.19,poor_lighting,Times of India,https://timesofindia.indiatimes.com/city/chennai/let-there-be-light-on-these-chennai-roads/articleshow/105273954.cms,"GCC was reported to have found 1,375 non-working streetlight locations; the article specifically identifies Nanganallur 5th Main Road as lacking street lamps, with improvised bulbs. Historical report."
"Sadhasivam Nagar First Link Street, Madipakkam",12.9706,80.198,poor_lighting,Times of India,https://timesofindia.indiatimes.com/city/chennai/let-there-be-light-on-these-chennai-roads/articleshow/105273954.cms,Residents reported no streetlights; one resident said a flashlight was needed for about 150 m. Historical report.
"Kallukuttai, Perungudi — Bharani Street",12.9667,80.2465,poor_lighting,Times of India,https://timesofindia.indiatimes.com/city/chennai/let-there-be-light-on-these-chennai-roads/articleshow/105273954.cms,Named as a dark location; local councillor had fixed LED bulbs to TANGEDCO poles instead of dedicated streetlights. Historical report.
Thiruvottiyur bus stand / junction,13.159,80.3016,unsafe_transport_stop,Times of India,https://timesofindia.indiatimes.com/city/chennai/faulty-lights-leave-thiruvottiyur-bus-commuters-in-dark/articleshow/37928757.cms,High-mast lamp was reported non-functional; commuters found crossing difficult and the bus stand was described as unsafe for women at night. Historical report.
Korukkupet bus shelter,13.1178,80.2767,unsafe_transport_stop,New Indian Express,https://www.newindianexpress.com/states/tamil-nadu/2023/Jun/11/10-city-bus-shelters-unsafe-for-women-in-chennai-2583883.html,Named in a 2023 GCC/Safetipin/Prajnya safety audit as one of the city bus stops/shelters found unsafe for women.
Ambedkar College bus shelter (towards Central/Red Hills),13.1064,80.2673,unsafe_transport_stop,New Indian Express,https://www.newindianexpress.com/states/tamil-nadu/2023/Jun/11/10-city-bus-shelters-unsafe-for-women-in-chennai-2583883.html,Named in a 2023 GCC/Safetipin/Prajnya safety audit as unsafe for women.
Ashok Pillar bus shelter,13.0338,80.2128,unsafe_transport_stop,New Indian Express,https://www.newindianexpress.com/states/tamil-nadu/2023/Jun/11/10-city-bus-shelters-unsafe-for-women-in-chennai-2583883.html,Named in a 2023 GCC/Safetipin/Prajnya safety audit as unsafe for women.
IOC Nagar bus shelter,13.169,80.292,unsafe_transport_stop,New Indian Express,https://www.newindianexpress.com/states/tamil-nadu/2023/Jun/11/10-city-bus-shelters-unsafe-for-women-in-chennai-2583883.html,Named in a 2023 GCC/Safetipin/Prajnya safety audit as unsafe for women.
Muthamizh Nagar bus shelter,13.1665,80.289,unsafe_transport_stop,New Indian Express,https://www.newindianexpress.com/states/tamil-nadu/2023/Jun/11/10-city-bus-shelters-unsafe-for-women-in-chennai-2583883.html,Named in a 2023 GCC/Safetipin/Prajnya safety audit as unsafe for women.
Vyasarpadi Market bus shelter,13.1087,80.2581,unsafe_transport_stop,New Indian Express,https://www.newindianexpress.com/states/tamil-nadu/2023/Jun/11/10-city-bus-shelters-unsafe-for-women-in-chennai-2583883.html,Named in a 2023 GCC/Safetipin/Prajnya safety audit as unsafe for women.
"SIDCO bus shelter, Chennai",13.106,80.2255,unsafe_transport_stop,New Indian Express,https://www.newindianexpress.com/states/tamil-nadu/2023/Jun/11/10-city-bus-shelters-unsafe-for-women-in-chennai-2583883.html,Named in a 2023 GCC/Safetipin/Prajnya safety audit as unsafe for women.
Vasuki Nagar bus shelter,13.0218,80.2578,unsafe_transport_stop,New Indian Express,https://www.newindianexpress.com/states/tamil-nadu/2023/Jun/11/10-city-bus-shelters-unsafe-for-women-in-chennai-2583883.html,Named in a 2023 GCC/Safetipin/Prajnya safety audit as unsafe for women.
"Teacher Training College bus shelter, Chennai",13.0648,80.2764,unsafe_transport_stop,New Indian Express,https://www.newindianexpress.com/states/tamil-nadu/2023/Jun/11/10-city-bus-shelters-unsafe-for-women-in-chennai-2583883.html,Named in a 2023 GCC/Safetipin/Prajnya safety audit as unsafe for women.
Saidapet bus shelter,13.0227,80.2225,unsafe_transport_stop,New Indian Express,https://www.newindianexpress.com/states/tamil-nadu/2023/Jun/11/10-city-bus-shelters-unsafe-for-women-in-chennai-2583883.html,Named in the 2023 city bus-shelter safety audit; article notes this shelter was maintained by the highways department.
"Pillaiyar Kovil Street, Thoraipakkam",12.9417,80.2329,stalking,Times of India,https://timesofindia.indiatimes.com/city/chennai/man-arrested-for-stalking-techie-in-chennai/articleshow/131377450.cms,2026 police report of repeated stalking/harassment reported by a woman on this street; CCTV was used in the investigation. Location-only seed; no personal identifiers included.
"Sardar Patel Road, Guindy-Adyar corridor",13.0078,80.2387,unsafe_road_no_footpath,New Indian Express,https://www.newindianexpress.com/states/tamil-nadu/2025/Oct/20/sardar-patel-and-gandhi-mandapam-road-footpaths-shrink-pedestrians-irked,"2025 report says road-extension work nearly halved footpath width, forcing pedestrians onto the carriageway. Area/stretch seed."
"Gandhi Mandapam Road, Chennai",13.0122,80.2434,unsafe_road_no_footpath,New Indian Express,https://www.newindianexpress.com/states/tamil-nadu/2025/Oct/20/sardar-patel-and-gandhi-mandapam-road-footpaths-shrink-pedestrians-irked,"2025 report says footpaths were reduced to nearly half their original width and some were too narrow, pushing pedestrians onto the road."
"Medavakkam Tank Road, Ayanavaram",13.1076,80.2335,unsafe_road_no_footpath,DT Next,https://www.dtnext.in/news/chennai/chennai-citizen-connect-pedestrians-suffer-due-to-unfinished-pavement-works-in-ayanavaram-855639,2025 report says an unfinished footpath stretch forced pedestrians onto the busy carriageway; rain also made the incomplete section unusable.
"Poonamallee High Road, Arumbakkam",13.0755,80.2110,unsafe_road_no_footpath,DT Next,https://www.dtnext.in/news/chennai/chennai-citizen-connect-damaged-footpaths-becoming-nightmare-for-pedestrians-818302,"2025 report: broken and encroached footpaths force pedestrians onto the road; named stretch in Arumbakkam, Chennai."
"Basin Bridge Road, Chennai",13.0982,80.2674,unsafe_road_no_footpath,DT Next,https://www.dtnext.in/news/chennai/chennai-citizen-connect-encroached-damaged-pavements-push-pedestrians-to-busy-road,2025 report: damaged/encroached pavement forces pedestrians onto the carriageway; GCC Zone 5 area.
"Perambur High Road, Stephenson Road to Perambur railway station",13.1115,80.2475,unsafe_road_no_footpath,DT Next,https://www.dtnext.in/news/chennai/perambur-high-road-no-place-for-pedestrians-846806,"2025 report: broken/inaccessible footpaths, missing drain covers and encroachments make pedestrian movement hazardous."
Jamalia pedestrian subway near Perambur railway station,13.1112,80.2460,unsafe_transport_stop,Times of India,https://timesofindia.indiatimes.com/city/chennai/jamalia-subway-waterlogged-filthy-unsafe-for-pedestrians/amp_articleshow/123815417.cms,2025 report: subway intended as a safe pedestrian passage is frequently waterlogged and poorly maintained; location is near Perambur railway station.
"Valliammal Road, Purasawalkam",13.0878,80.2520,unsafe_road_no_footpath,DT Next,https://www.dtnext.in/amp/story/news/chennai/chennai-citizen-connect-repair-accident-prone-valliammal-road-soon-urge-purasawalkam-residents-837338,2025 report calls the road accident-prone due to severe damage and potholes; minor injuries were reported.
Korukkupet railway crossing,13.1226,80.2805,unsafe_road_no_footpath,Times of India,https://timesofindia.indiatimes.com/city/chennai/new-railway-overbridge-to-be-constructed-at-accident-prone-korukkupet-rail-crossing/articleshow/111269501.cms,2024 report explicitly describes the crossing as accident-prone and documents dangerous congestion when railway gates close.
"Ellaiamman Koil Street, West Mambalam",13.0387,80.2238,poor_lighting,Times of India,https://timesofindia.indiatimes.com/city/chennai/swd-work-chokes-west-mambalam-street-commuters-demand-swift-cleanup/articleshow/121555215.cms,"2025 report specifically names Ellaiamman Koil Street; construction, congestion and lack of working streetlights created night safety concerns."
"MGR Salai, Kandhanchavadi, Perungudi",12.9619,80.2438,unsafe_road_no_footpath,DT Next,https://www.dtnext.in/news/chennai/chennai-citizen-connect-pedestrians-urge-state-highway-department-to-repair-footpath-on-mgr-salai-in-perungudi,2026 report: cracked/dislodged pavement forces pedestrians onto the busy arterial road.
"Choolai High Road, Ramalinga Vilas Hotel to Choolai High Road Roundabout",13.0847,80.2668,unsafe_road_no_footpath,DT Next,https://www.dtnext.in/news/chennai/chennai-citizen-connect-unchecked-illegal-parking-chokes-choolai-high-road,2026 report identifies this exact stretch; parked vehicles occupy footpaths and pedestrians are forced onto the carriageway.
"Viswanathapuram Main Road, Kodambakkam",13.0520,80.2155,unsafe_road_no_footpath,DT Next,https://www.dtnext.in/news/chennai/encroached-footpaths-in-ashok-nagar-kodambakkam-put-pedestrians-in-peril,2026 report identifies footpath encroachment and parking at the Rangarajapuram Main Road/Viswanathapuram Main Road junction.
Rangarajapuram Main Road / Viswanathapuram Main Road junction,13.0530,80.2152,unsafe_road_no_footpath,DT Next,https://www.dtnext.in/news/chennai/encroached-footpaths-in-ashok-nagar-kodambakkam-put-pedestrians-in-peril,2026 report specifically names the junction as a pedestrian safety problem due to occupied footpaths.
"Second Avenue, Ashok Nagar",13.0348,80.2150,unsafe_road_no_footpath,DT Next,https://www.dtnext.in/news/chennai/encroached-footpaths-in-ashok-nagar-kodambakkam-put-pedestrians-in-peril,"2026 report names Second Avenue; shop displays, merchandise and vehicle parking occupy walkways."
"Kumarasamy Street, Perambur",13.1094,80.2504,unsafe_road_no_footpath,DT Next,https://www.dtnext.in/news/chennai/chennai-citizen-connect-trouble-for-pedestrians-as-cars-continue-to-occupy-footpaths,"2026 report: cars regularly park on the pavement, disrupting walking space and pushing pedestrians onto the road."
"Perambur High Road North, Saraswati Nagar opposite Perambur railway station",13.1096,80.2459,unsafe_road_no_footpath,DT Next,https://www.dtnext.in/news/chennai/chennai-pedestrians-take-on-roads-as-shops-take-over-pavements-852549,2025 report specifically names this location; a wall and shop activity blocked the pavement.
"Basin Bridge Road, GCC Zone 5",13.0982,80.2674,unsafe_road_no_footpath,DT Next,https://www.dtnext.in/news/chennai/chennai-citizen-connect-encroached-damaged-pavements-push-pedestrians-to-busy-road,2025 report specifically identifies the Basin Bridge Road stretch beside the GCC Zone 5 office.
"Medavakkam Tank Road, Konnur High Road to Ayanavaram Road",13.1076,80.2335,unsafe_road_no_footpath,DT Next,https://www.dtnext.in/news/chennai/chennai-citizen-connect-pedestrians-suffer-due-to-unfinished-pavement-works-in-ayanavaram-855639,2025 report specifies a several-hundred-metre unfinished pavement stretch connecting Konnur High Road and Ayanavaram Road.
High Court Metro Railway Station,13.0661,80.2824,physical_harassment,DT Next,https://www.dtnext.in/news/chennai/chennai-guest-worker-arrested-for-harassing-woman-in-high-court-metro-station-786709,2024 police-report-based article names the station premises in a sexual-harassment case.
"Bharani Street, Kallukuttai, Perungudi",12.9667,80.2465,poor_lighting,Times of India,https://timesofindia.indiatimes.com/city/chennai/let-there-be-light-on-these-chennai-roads/articleshow/105273954.cms,2023 report names Bharani Street as a dark location.
Path between Dr Guruswamy Bridge and Chetpet Eco Park / Chetpet railway station,13.0725,80.2408,poor_lighting,DT Next,https://www.dtnext.in/news/chennai/chennai-citizen-connect-pedestrians-weary-of-improper-condition-of-chetpet-eco-park-pavement,2026 report: roughly 150 m pedestrian path to Chetpet railway station has insufficient street lighting; pedestrians avoid it at night for safety.
"Srinivasa Perumal Sannathi 2nd Street, Gopalapuram Police Quarters, Royapettah",13.0526,80.2592,unsafe_road_no_footpath,DT Next,https://www.dtnext.in/news/chennai/chennai-citizen-connect-seized-vehicles-on-footpath-pose-risk-to-pedestrians-in-royapettah,"2026 report: seized vehicles occupied the footpath for more than two months, forcing schoolchildren, women and residents onto the carriageway."
"Sir Thyagaraya Road near Pondy Bazaar, T Nagar",13.0414,80.2350,unsafe_road_no_footpath,DT Next,https://www.dtnext.in/news/chennai/chennai-citizen-connect-months-on-no-action-on-damaged-manhole-on-t-nagar-road,2026 report: damaged manhole/concrete patch with protruding iron rods creates a major hazard for motorists and pedestrians; similar damaged patches occur toward Dr B Narasimhan Road junction.
RBI Subway near Parry's,13.0875,80.2882,unsafe_road_no_footpath,Times of India,https://timesofindia.indiatimes.com/city/chennai/poor-restoration-makes-rbi-subway-risky/amp_articleshow/117406369.cms,"2025 report: potholes, water stagnation, seepage and uneven resurfacing made the subway accident-prone."
"CP Pavalavannan Subway, Saidapet",13.0222,80.2240,unsafe_road_no_footpath,DT Next,https://www.dtnext.in/news/chennai/high-court-seeks-officials-reply-on-plea-alleging-water-leakage-at-cp-pavalavannan-subway,2026 High Court report: persistent water seepage was alleged to have caused frequent vehicular accidents and posed a serious public-safety threat.
"Koyambedu Market East Road, CMDA office to omnibus terminus",13.0690,80.1970,unsafe_road_no_footpath,DT Next,https://www.dtnext.in/news/chennai/overflowing-sewage-wreak-havoc-on-koyambedu-market-east-road-831598,2025 report: named stretch described as accident-prone; overflowing sewage and uneven road conditions affected commuters and heavy commercial traffic.
"Veera Perumal Koil Street, Mylapore",13.0348,80.2672,unsafe_road_no_footpath,DT Next,https://www.dtnext.in/news/chennai/chennai-citizen-connect-mylapore-residents-complain-about-roads-not-being-re-laid-829752,"2025 report: road remained unrelaid after stormwater-drain works, creating difficulty for motorists, patients and ambulances; nearby schools also use the road."
"Mundagakanni Amman Koil Street, Mylapore",13.0358,80.2638,unsafe_road_no_footpath,DT Next,https://www.dtnext.in/news/chennai/chennai-citizen-connect-mylapore-residents-complain-about-roads-not-being-re-laid-829752,2025 report names this street among Mylapore roads left in poor condition after stormwater-drain works.
"Ennore High Road, Tondiarpet",13.1320,80.2900,unsafe_road_no_footpath,DT Next,https://www.dtnext.in/news/chennai/pond-to-be-built-on-ennore-high-road-to-prevent-inundation-818846,2025 report: monsoon water stagnation made the area accident-prone; two-wheelers had skidded and fallen into the waterbody.
"Gurumurthy Garden Street, Perambur",13.1125,80.2515,unsafe_road_no_footpath,DT Next,https://www.dtnext.in/news/chennai/chennai-citizen-connect-wall-collapse-at-perambur-corporation-school-raises-safety-concerns-808314,2024 report: collapsed compound wall at Corporation Girls High School raised safety concerns; vegetation and rainwater stagnation increased risk around the street.
"Shanmugapuram 2nd Street, Tiruvottiyur",13.1655,80.3045,unsafe_road_no_footpath,DT Next,https://www.dtnext.in/news/chennai/chennai-milled-roads-in-ernavur-jothi-nagar-left-incomplete-for-over-a-month-845888,"2025 report: road left milled/unattended for more than a month, making it accident-prone, particularly for schoolchildren and senior citizens."
"Shanmugapuram 3rd Street, Tiruvottiyur",13.1660,80.3050,unsafe_road_no_footpath,DT Next,https://www.dtnext.in/news/chennai/chennai-milled-roads-in-ernavur-jothi-nagar-left-incomplete-for-over-a-month-845888,"2025 report names the street among Tiruvottiyur roads left milled and unattended, creating accident risk."
"Shanmugapuram 6th Street, Tiruvottiyur",13.1665,80.3055,unsafe_road_no_footpath,DT Next,https://www.dtnext.in/news/chennai/chennai-milled-roads-in-ernavur-jothi-nagar-left-incomplete-for-over-a-month-845888,2025 report names the street among roads left milled/unattended for more than a month.
"Shanmugapuram 10th Street, Tiruvottiyur",13.1670,80.3060,unsafe_road_no_footpath,DT Next,https://www.dtnext.in/news/chennai/chennai-milled-roads-in-ernavur-jothi-nagar-left-incomplete-for-over-a-month-845888,2025 report names the street among roads left milled/unattended and describes the wider road condition as accident-prone.
"Jothi Nagar Main Road, Tiruvottiyur",13.1645,80.3065,unsafe_road_no_footpath,DT Next,https://www.dtnext.in/news/chennai/chennai-milled-roads-in-ernavur-jothi-nagar-left-incomplete-for-over-a-month-845888,2025 report specifically names Jothi Nagar Main Road among roads left milled and unattended.
"Jothi Nagar Main Cross Street, Tiruvottiyur",13.1650,80.3070,unsafe_road_no_footpath,DT Next,https://www.dtnext.in/news/chennai/chennai-milled-roads-in-ernavur-jothi-nagar-left-incomplete-for-over-a-month-845888,2025 report specifically names Jothi Nagar Main Cross Street among incomplete road-work locations.
"VP Nagar 6th Extension, Tiruvottiyur",13.1680,80.3090,unsafe_road_no_footpath,DT Next,https://www.dtnext.in/news/chennai/chennai-milled-roads-in-ernavur-jothi-nagar-left-incomplete-for-over-a-month-845888,2025 report names VP Nagar 6th Extension among roads left milled and unattended.
"AD Colony 15th Street, Tiruvottiyur",13.1690,80.3100,unsafe_road_no_footpath,DT Next,https://www.dtnext.in/news/chennai/chennai-milled-roads-in-ernavur-jothi-nagar-left-incomplete-for-over-a-month-845888,2025 report names AD Colony 15th Street among incomplete road-work locations.
"Bajanai Koil 2nd Cross Street, Tiruvottiyur",13.1695,80.3110,unsafe_road_no_footpath,DT Next,https://www.dtnext.in/news/chennai/chennai-milled-roads-in-ernavur-jothi-nagar-left-incomplete-for-over-a-month-845888,2025 report names Bajanai Koil 2nd Cross Street among incomplete road-work locations.
"Brindavan Nagar Main Road, Adambakkam",12.9948,80.2045,unsafe_road_no_footpath,DT Next,https://www.dtnext.in/news/chennai/chennai-citizen-connect-residents-of-adambakkam-urge-the-gcc-to-remove-the-encroachments-on-the-busy-brindavan-nagar-main-road,"2026 report: shops/vendors completely encroached the newly built footpath, forcing pedestrians onto the busy carriageway."
"Arcot Road, Kodambakkam",13.0485,80.2125,unsafe_road_no_footpath,DT Next,https://www.dtnext.in/news/chennai/chennai-citizen-connect-pedestrians-forced-to-wade-through-garbage-piles-on-arcot-road-footpath,"2026 report: garbage accumulation turned the footpath into an informal dumping ground, obstructing pedestrians."
"Mayor Ramanathan Salai (Spurtank Road), Chetpet",13.0727,80.2419,unsafe_road_no_footpath,DT Next,https://www.dtnext.in/news/chennai/chennai-citizen-connect-expedite-footpath-work-along-mayor-ramanathan-salai-chetpet-residents-urge-gcc,"2026 report: 550-metre pavement was occupied by unremoved concrete slabs and encroachments, forcing pedestrians onto the road."
Khader Nawaz Khan Road pedestrian plaza,13.0552,80.2504,unsafe_road_no_footpath,Times of India,https://timesofindia.indiatimes.com/city/chennai/plaza-built-for-people-claimed-by-everything-else/articleshow/132143617.cms,2026 report: vehicles and commercial loading encroached the pedestrian plaza; adjacent lanes also experienced spillover parking.
"Venkatanarayana Road, T Nagar",13.0355,80.2325,unsafe_road_no_footpath,Times of India,https://timesofindia.indiatimes.com/city/chennai/venkatanarayana-road-footpaths-turn-parking-lot/articleshow/110097557.cms,"2024 report: cars, two-wheelers, vendors and temple crowds occupied the footpath, forcing pedestrians onto the road."
"Usman Road, T Nagar",13.0407,80.2335,unsafe_road_no_footpath,New Indian Express,https://www.newindianexpress.com/web-only/2025/Aug/12/crores-spent-but-will-chennais-roads-ever-be-people-friendly,"2025 report: footpath along Usman Road/Pondy Bazaar area was heavily occupied by commercial activity, leaving little usable walking space."
"Valluvar Salai, Ramapuram",13.0284,80.1840,unsafe_road_no_footpath,Times of India,https://timesofindia.indiatimes.com/city/chennai/keen-on-walking-along-pavements-in-ramapuram-theres-no-way-you-can/articleshow/104684929.cms,2023 report: shops encroach road edges; pedestrians walk on the carriageway because Ramapuram lacks adequate footpaths.
"Bharathi Salai, Ramapuram",13.0275,80.1805,unsafe_road_no_footpath,Times of India,https://timesofindia.indiatimes.com/city/chennai/keen-on-walking-along-pavements-in-ramapuram-theres-no-way-you-can/articleshow/104684929.cms,2023 report: parked vehicles consume pedestrian space; untethered cattle also increase pedestrian risk.
Ramapuram Main Road,13.0300,80.1850,unsafe_road_no_footpath,Times of India,https://timesofindia.indiatimes.com/city/chennai/keen-on-walking-along-pavements-in-ramapuram-theres-no-way-you-can/articleshow/104684929.cms,2023 report identifies Ramapuram Main Road among major local roads without adequate pedestrian footpaths.
"Poleri Amman Koil Street / AA Road railway culvert, Perambur",13.1120,80.2540,unsafe_road_no_footpath,DT Next,https://www.dtnext.in/amp/story/news/chennai/chennai-citizen-connect-two-wheeler-users-take-risky-ride-on-low-height-railway-culvert-in-perambur,2026 report: low-height culvert used by pedestrians and two-wheelers has restricted headroom and hazardous movement.
"Venkatanarayana Road, Natesan Park bus stop",13.0360,80.2330,unsafe_transport_stop,Times of India,https://timesofindia.indiatimes.com/city/chennai/commuters-forced-to-hop-across-busy-venkatnarayana-rd-as-mtc-skips-bus-stop/articleshow/125988831.cms,"2025 report: buses stopped on the opposite lane, forcing commuters to run across the busy road and centre median to board."
"MC Road, Washermenpet",13.1165,80.2875,stalking,DT Next,https://www.dtnext.in/news/chennai/two-held-for-harassing-women-in-separate-incidents-842022,2025 police report names MC Road in a stalking/threatening case involving a woman employee. No personal identifiers included.
"Grand Northern Trunk Road (GNT Road), Madhavaram",13.1480,80.2310,physical_harassment,DT Next,https://www.dtnext.in/news/chennai/history-sheeter-held-for-harassing-woman-delivery-agent-in-chennai-853751,2025 police report: a woman delivery worker reported inappropriate touching and threats at a tea shop on GNT Road.
"KB Dasan Road, Teynampet",13.0402,80.2490,catcalling_harassment,DT Next,https://www.dtnext.in/news/chennai/man-arrested-for-verbally-harassing-woman-over-parking-dispute841055,2025 police report of verbal harassment of a woman during a parking dispute on KB Dasan Road.
"100 Feet Road, Vadapalani",13.0505,80.2115,physical_harassment,DT Next,https://www.dtnext.in/news/chennai/man-arrested-for-harassing-woman-on-vadapalani-road-bike-seized-836816,2025 police report: a woman walking on 100 Feet Road was allegedly approached and harassed by a two-wheeler rider.
Government Estate Metro Railway Station subway,13.0680,80.2770,physical_harassment,DT Next,https://www.dtnext.in/news/chennai/youth-arrested-for-sexually-harassing-techie-near-government-estate-metro-station-850463,2025 police report: woman was sexually harassed in the subway near Government Estate Metro Station.
Thousand Lights Metro Station,13.0588,80.2580,physical_harassment,DT Next,https://www.dtnext.in/news/chennai/chennai-stalker-sexually-assaults-woman-on-metro-held-829160,2025 police report: suspect was apprehended at Thousand Lights Metro Station after a reported sexual assault on a Metro train.
"Nandanam, Government Arts College vicinity",13.0315,80.2430,unsafe_road_no_footpath,New Indian Express,https://www.newindianexpress.com/cities/chennai/2025/Feb/03/encroachments-kerb-parking-make-footpaths-inaccessible-for-disabled-in-chennai,"2025 report: footpaths near Government Arts College were obstructed by debris, machines, trees and poles; users reported falls and difficulty walking."
"Chepauk, New State Guest House vicinity",13.0610,80.2810,unsafe_road_no_footpath,New Indian Express,https://www.newindianexpress.com/cities/chennai/2025/Feb/03/encroachments-kerb-parking-make-footpaths-inaccessible-for-disabled-in-chennai,"2025 report: police barricades occupied footpaths near the New State Guest House, forcing students/pedestrians onto the road."
Velachery 100 Feet Road,12.9790,80.2185,unsafe_road_no_footpath,New Indian Express,https://www.newindianexpress.com/cities/chennai/2025/Feb/03/encroachments-kerb-parking-make-footpaths-inaccessible-for-disabled-in-chennai,"2025 report: pushcarts and parked vehicles encroached footpaths, making pedestrian movement difficult and dangerous."
"Thiruvottiyur High Road, Tondiarpet — SWD work stretch",13.1245,80.2895,unsafe_road_no_footpath,New Indian Express,https://www.newindianexpress.com/cities/chennai/2026/Jun/01/broken-pathways-and-open-pits-greet-commuters-on-th-road,"2026 report: about 500 m affected by storm-water-drain work, with damaged pathways, inadequate barricading and excavation pits forcing pedestrians close to traffic."
"Murugappa Reddy Street, Vivekanandar Nagar, Ambattur",13.1140,80.1580,unsafe_road_no_footpath,Times of India,https://timesofindia.indiatimes.com/city/chennai/interior-roads-near-ambattur-old-terminus-in-disrepair/articleshow/123752411.cms,2025 report: pothole-ridden interior road near Ambattur Old Terminus; monsoon water can conceal potholes and increase accident risk.
"First Cross Street, Vivekanandar Nagar, Ambattur",13.1135,80.1575,unsafe_road_no_footpath,Times of India,https://timesofindia.indiatimes.com/city/chennai/interior-roads-near-ambattur-old-terminus-in-disrepair/articleshow/123752411.cms,2025 report names this interior street among the worst-affected pothole-ridden roads near Ambattur Old Terminus.
"Kanniah Chetty Street, Vivekanandar Nagar, Ambattur",13.1130,80.1585,unsafe_road_no_footpath,Times of India,https://timesofindia.indiatimes.com/city/chennai/interior-roads-near-ambattur-old-terminus-in-disrepair/articleshow/123752411.cms,2025 report names this street among the worst-affected pothole-ridden roads near Ambattur Old Terminus.
"Balaji Street, Vivekanandar Nagar, Ambattur",13.1125,80.1590,unsafe_road_no_footpath,Times of India,https://timesofindia.indiatimes.com/city/chennai/interior-roads-near-ambattur-old-terminus-in-disrepair/articleshow/123752411.cms,2025 report names this street among the worst-affected pothole-ridden roads near Ambattur Old Terminus.
"Thiruvengada Nagar, Ambattur",13.1105,80.1605,unsafe_road_no_footpath,Times of India,https://timesofindia.indiatimes.com/city/chennai/interior-roads-near-ambattur-old-terminus-in-disrepair/articleshow/123752411.cms,2025 report says this road had not been repaved for nearly a decade and was associated with accident risk.
"West Main Road, Ambattur",13.1095,80.1615,unsafe_road_no_footpath,Times of India,https://timesofindia.indiatimes.com/city/chennai/interior-roads-near-ambattur-old-terminus-in-disrepair/articleshow/123752411.cms,2025 report says this road had not been repaved for nearly a decade; worn condition creates safety problems.
Adyar Bridge Road,13.0060,80.2560,unsafe_road_no_footpath,Times of India,https://timesofindia.indiatimes.com/city/chennai/potholes-a-threat-to-motorists-on-adyar-bridge-roads/articleshow/124099191.cms,"2025 report: milled but unpaved sections, potholes, stagnant rainwater and construction debris created hazards, especially for two-wheelers."
"Monegar Choultry Road (MC Road), cemetery junction to BSNL junction",13.1135,80.2870,unsafe_road_no_footpath,Times of India,https://timesofindia.indiatimes.com/city/chennai/obstacle-race-plays-out-on-mc-road-daily-as-pedestrian-plaza-project-in-limbo/articleshow/126127407.cms,"2025 report: 1 km pedestrian-plaza project remained incomplete, with open drains, dug-up stretches and two-wheelers encroaching walking space."
"Arumbakkam 100 Feet Road, near SAF Games Village",13.0720,80.2050,unsafe_road_no_footpath,Times of India,https://timesofindia.indiatimes.com/city/chennai/wrong-side-driving-congests-state-highway-junctions-ups-safety-risk/articleshow/126218816.cms,"2025 report: motorists routinely make an illegal turn near SAF Games Village, clogging lanes and endangering pedestrians."
Nolambur-Poonamallee High Road Junction,13.0705,80.1645,unsafe_road_no_footpath,Times of India,https://timesofindia.indiatimes.com/city/chennai/wrong-side-driving-congests-state-highway-junctions-ups-safety-risk/articleshow/126218816.cms,2025 report: illegal right turns at the junction create congestion and safety risks for pedestrians and commuters.
"Basin Bridge four-way junction, GNT Road",13.0985,80.2670,unsafe_road_no_footpath,Times of India,https://timesofindia.indiatimes.com/city/chennai/wrong-side-driving-congests-state-highway-junctions-ups-safety-risk/articleshow/126218816.cms,"2025 report: wrong-side turns and displaced barricades cause traffic from four directions to pile up, particularly after 9 pm."
"Velachery road, Chennai",12.9805,80.2200,physical_harassment,Times of India,https://timesofindia.indiatimes.com/city/chennai/chennai-traffic-inspector-arrested-for-sexually-harassing-woman-on-road-in-velachery/articleshow/132693047.cms,2026 police-report-based article documents alleged sexual harassment of a woman walking on a road in Velachery. Source does not provide a more precise street name; road-level seed only.
"Maharani Theatre bus stop, Tiruvottiyur High Road, Old Washermenpet",13.1225,80.2878,unsafe_transport_stop,DT Next,https://www.dtnext.in/news/chennai/traffic-chaos-on-tiruvottiyur-high-road-parking-at-maharani-theatre-bus-stop-leaves-no-room-for-commuters-to-wait-buses-to-halt,"2026 report: two-wheelers and autos parked directly in front of the bus stop, forcing buses to stop away from the designated stop and making boarding/alighting unsafe."
Gengu Reddy Road subway,13.0758,80.2595,unsafe_road_no_footpath,DT Next,https://www.dtnext.in/news/chennai/chennai-delays-in-subway-renovation-swd-works-draw-public-ire,2026 report: GCC subway renovation remained stalled; source says long-pending subway works affected daily commuting and pedestrian safety.
Nungambakkam subway,13.0615,80.2435,unsafe_road_no_footpath,DT Next,https://www.dtnext.in/news/chennai/chennai-delays-in-subway-renovation-swd-works-draw-public-ire,"2026 report: Nungambakkam subway was among GCC subways whose planned renovation had seen little progress, with reported effects on commuting and pedestrian safety."
Harrington Road subway,13.0730,80.2400,unsafe_road_no_footpath,DT Next,https://www.dtnext.in/news/chennai/chennai-delays-in-subway-renovation-swd-works-draw-public-ire,2026 report: Harrington Road subway was among the identified long-pending renovation locations affecting daily commuting and pedestrian safety.
Korattur subway,13.1080,80.1835,unsafe_road_no_footpath,DT Next,https://www.dtnext.in/news/chennai/chennai-delays-in-subway-renovation-swd-works-draw-public-ire,2026 report: Korattur subway was among planned GCC renovation locations with little progress; included in the report's pedestrian-safety concerns.
Villivakkam subway,13.1070,80.2055,unsafe_road_no_footpath,DT Next,https://www.dtnext.in/news/chennai/chennai-delays-in-subway-renovation-swd-works-draw-public-ire,"2026 report: Villivakkam subway was among planned GCC renovation locations with little progress, affecting daily commuting and pedestrian safety."
"Vyasarpadi bus stop, MTC route 38-A",13.1075,80.2560,physical_harassment,DT Next,https://www.dtnext.in/news/chennai/two-held-in-different-sexual-harassment-cases,"2026 police report: a passenger allegedly sexually harassed a college student after boarding at Vyasarpadi bus stop; passengers intervened. Location is a documented incident point, not a claim that the stop is universally unsafe."
"Nungambakkam — walking route to work, location reported in July 2026 case",13.0560,80.2425,physical_harassment,DT Next,https://www.dtnext.in/news/chennai/two-held-in-different-sexual-harassment-cases,"2026 police report: a woman walking to work in Nungambakkam was allegedly sexually harassed by a two-wheeler rider. Source does not identify a more precise street, so this remains a road-level seed."
Saidapet college exit area,13.0225,80.2240,stalking,DT Next,https://www.dtnext.in/news/chennai/man-arrested-for-assaulting-a-college-girl-with-bike-key-in-chennai,2026 police report: a college student was allegedly followed and harassed after leaving college in Saidapet and was assaulted when she refused to speak to the accused. Area-level incident seed; no personal identifiers included.
"Anna Salai, Teynampet–Saidapet flyover diversion stretch",13.0365,80.2440,unsafe_road_no_footpath,Times of India,https://timesofindia.indiatimes.com/city/chennai/chennais-rs-621-crore-anna-salai-flyover-hits-snag-deadline-pushed-to-2027/photostory/133318948.cms,"2026 report: construction diversions on Theagaraya Road/Teynampet-side corridor and Cenotaph Road left uneven surfaces and craters that were difficult for motorists, especially two-wheelers."
"Cenotaph Road, Teynampet",13.0410,80.2515,unsafe_road_no_footpath,Times of India,https://timesofindia.indiatimes.com/city/chennai/chennais-rs-621-crore-anna-salai-flyover-hits-snag-deadline-pushed-to-2027/photostory/133318948.cms,"2026 report: flyover-related traffic diversions were associated with uneven roads and craters on Cenotaph Road, creating difficulty for motorists."
"Valluvar Kottam High Road, Valluvar Kottam",13.0528,80.2425,unsafe_road_no_footpath,Times of India,https://timesofindia.indiatimes.com/city/chennai/encroachments-tighten-their-grip-around-valluvar-kottam/articleshow/133348426.cms,"2026 report: eateries, vegetable vendors, water tankers and parked two-wheelers occupy the footpath, squeezing pedestrians onto Valluvar Kottam High Road."
"Guruswamy Bridge footpath, Chetpet",13.0725,80.2408,unsafe_road_no_footpath,New Indian Express,https://www.newindianexpress.com/cities/chennai/2026/Apr/28/civic-body-to-buy-7-jet-washer-vehicles-for-cleaning-footpaths-bus-shelters-in-chennai,2026 report: paver tiles along the Guruswamy Bridge footpath were broken and pedestrians reportedly slipped; source specifically identifies the location.
"Madhya Kailash Junction, Taramani",12.9955,80.2455,unsafe_road_no_footpath,New Indian Express,https://www.newindianexpress.com/cities/chennai/2026/Feb/05/repeated-road-cave-ins-at-madhya-kailash-residents-fear-for-safety,2026 report: repeated road cave-ins at Madhya Kailash junction; six instances were listed from 2015–2024 and another cave-in occurred near the Institute of Chemical Technology.
Rajiv Gandhi IT Expressway near Institute of Chemical Technology / Taramani U-shaped bridge,12.9948,80.2450,unsafe_road_no_footpath,New Indian Express,https://www.newindianexpress.com/cities/chennai/2026/Feb/05/repeated-road-cave-ins-at-madhya-kailash-residents-fear-for-safety,2026 report: a road cave-in occurred beside the start of the U-shaped bridge because of a burst sewage pipeline; recurring subsidence has raised safety concerns.
"Perambur High Road, Jamalia Higher Secondary School to Cooks Road junction",13.1078,80.2495,unsafe_road_no_footpath,DT Next,https://www.dtnext.in/news/chennai/chennai-citizen-connect-ill-maintained-perambur-high-road-footpath-puts-pedestrians-in-trouble-2,"2026 report: broken, uneven and encroached footpaths along both sides of this named stretch force pedestrians onto the carriageway."
"Semmbiam area, MTC bus route 242 toward Shenoy Nagar",13.1065,80.2320,physical_harassment,DT Next,https://www.dtnext.in/news/chennai/man-arrested-for-harassment-and-death-threats-on-chennai-bus,2026 police-report-based article: woman was allegedly harassed and threatened on MTC route 242 in the Semmbiam area. Incident-level seed; not a claim that the whole route is unsafe.
"Avichi School bus stop, Vadapalani",13.0510,80.2095,catcalling_harassment,DT Next,https://www.dtnext.in/news/chennai/mtc-ruckus-youngsters-verbally-abuse-women-with-free-ticket-remarks-822488,2025 report: a group boarded Route 26 near Avichi School bus stop and verbally abused female passengers with derogatory remarks.
"KK Nagar, MTC bus route 70V",13.0345,80.2020,physical_harassment,DT Next,https://www.dtnext.in/news/chennai/chennai-man-arrested-for-sexually-harassing-woman-on-mtc-bus,2026 police-report-based article: nursing student reported alleged sexual harassment and death threats on an MTC route in KK Nagar.
"Maharani Theatre bus stop, Tiruvottiyur High Road",13.1225,80.2878,unsafe_transport_stop,DT Next,https://www.dtnext.in/news/chennai/traffic-chaos-on-tiruvottiyur-high-road-parking-at-maharani-theatre-bus-stop-leaves-no-room-for-commuters-to-wait-buses-to-halt,"2026 report: parked vehicles block the designated bus stop, forcing buses to stop away from the stop and passengers to board/alight in traffic."
"Ellaiamman Colony, Teynampet",13.0440,80.2490,unsafe_road_no_footpath,New Indian Express,https://www.newindianexpress.com/cities/chennai/2026/Apr/30/take-steps-to-remove-road-encroachments-in-chennai-madras-hc,2026 Madras High Court case specifically identifies road/footpath encroachments at Ellaiamman Colony and ordered GCC/CMDA/police action. Area/street-level seed; source does not identify a single numbered street.
"CIT Colony interior streets, Mylapore",13.0305,80.2555,unsafe_road_no_footpath,Times of India,https://timesofindia.indiatimes.com/city/chennai/cit-colony-residents-flag-broken-pavements-last-repaired-15-yrs-ago/articleshow/129046649.cms,2026 report: pavements that had not been properly repaired for about 15 years were broken/uneven and encroached by debris and parked vehicles.
"Kamarajar Salai, Manjambakkam",13.1650,80.2105,unsafe_road_no_footpath,DT Next,https://www.dtnext.in/amp/story/news/chennai/chennai-citizen-connect-open-swd-manholes-on-kamarajar-salai-increase-risk-of-accidents,2026 report: multiple storm-water-drain manholes remained open for more than four months along a busy road carrying heavy vehicles.
"OMR service road near World Trade Centre Chennai, Perungudi",12.9615,80.2445,unsafe_road_no_footpath,DT Next,https://www.dtnext.in/news/chennai/chennai-citizen-connect-open-manholes-on-omr-service-roads-raise-huge-safety-concerns,2026 report: uncovered storm-water-drain manhole and sewage overflow created a major hazard for motorists and pedestrians using the service road.
"Lake View Road, West Mambalam",13.0325,80.2195,unsafe_road_no_footpath,DT Next,https://www.dtnext.in/news/chennai/chennai-citizen-connect-snail-paced-swd-work-in-west-mambalams-lake-view-road-raises-safety-concerns,2026 report: slow storm-water-drain construction with inadequate safety measures created hazards for motorists and two-wheeler riders.
"100 Feet Jawaharlal Nehru Road, Koyambedu–Ashok Nagar",13.0615,80.2055,unsafe_road_no_footpath,DT Next,https://www.dtnext.in/amp/story/news/chennai/damaged-footpaths-on-100-feet-road-make-walking-a-nightmare,"2026 report: damaged paving blocks, uneven surfaces, potholes and construction debris made footpaths unusable on multiple stretches."
"West Namasivaya Bridge, Choolaimedu",13.0625,80.2245,unsafe_road_no_footpath,DT Next,https://www.dtnext.in/news/chennai/chennai-citizen-connect-poor-maintenance-illegal-parking-plague-choolaimedu-bridge,"2026 report: garbage dumping, illegal parking and poor maintenance obstruct the pedestrian walkway, forcing people toward the carriageway."
"Poompuhar Nagar 1st Main Road, Kolathur",13.1205,80.2180,unsafe_road_no_footpath,Times of India,https://timesofindia.indiatimes.com/city/chennai/eateries-residences-encroach-on-poompuhar-nagar-1st-main-road/amp_articleshow/133191749.cms,"2026 report: approximately 600 m of the road has heavily encroached footpaths, leaving little walking space."
Pantheon Road near Amma Unavagam,13.0725,80.2630,unsafe_road_no_footpath,DT Next,https://www.dtnext.in/news/chennai/chennai-damaged-dustbins-illegal-parking-block-footpath-on-pantheon-road,"2025 report: damaged Corporation dustbins and illegal parking block the footpath, forcing pedestrians onto the road."
Ambattur-Vanagaram Road near Athipet,13.1025,80.1555,unsafe_road_no_footpath,DT Next,https://www.dtnext.in/news/chennai/restore-accident-prone-ambattur-vanagaram-road,"2026 report: battered stretch near Athipet has potholes, damaged manholes and uneven surfaces; pedestrians and schoolchildren face hazardous conditions."
Manali New Town Phase 1,13.1880,80.2700,unsafe_road_no_footpath,DT Next,https://www.dtnext.in/news/chennai/chennai-heavy-vehicle-menace-turns-manali-new-town-accident-prone,2026 report: container-trailer lorries reportedly move through residential streets at unsafe speeds; three accidents were reported in one month.
Manali New Town Phase 2,13.1900,80.2740,unsafe_road_no_footpath,DT Next,https://www.dtnext.in/news/chennai/chennai-heavy-vehicle-menace-turns-manali-new-town-accident-prone,"2026 report: heavy container traffic through residential areas was reported as a public-safety risk, particularly for students."
"Dwaraka Nagar, Manali New Town",13.1860,80.2760,unsafe_road_no_footpath,DT Next,https://www.dtnext.in/news/chennai/chennai-heavy-vehicle-menace-turns-manali-new-town-accident-prone,2026 report: container-trailer movement and informal truck parking were reported as safety hazards in this residential stretch.
"Kadumbadi Amman Koil Street, Selaivayal, Kodungaiyur",13.1610,80.2600,unsafe_road_no_footpath,DT Next,https://www.dtnext.in/news/chennai/dt-next-impact-one-way-traffic-at-selaivayal-to-ease-congestions-in-chennai,2026 report: narrow road affected by delayed storm-water-drain works; GCC and traffic police converted the road to one-way to reduce congestion and accident risk.
"AA Road, Vyasarpadi commercial stretch",13.1090,80.2555,unsafe_road_no_footpath,DT Next,https://www.dtnext.in/news/chennai/chennai-citizen-connect-trouble-for-pedestrians-as-cars-continue-to-occupy-footpaths,"2026 report: vehicles continue to mount the pavement outside commercial stretches, obstructing pedestrian space."
"Dr Ambedkar College Road, Jamalia Nagar",13.1095,80.2525,unsafe_road_no_footpath,DT Next,https://www.dtnext.in/news/chennai/chennai-citizen-connect-trouble-for-pedestrians-as-cars-continue-to-occupy-footpaths,2026 report: broken and removed pavement blocks have left the walkway difficult to use.
Greams Road near Shafee Muhammad Road junction,13.0595,80.2525,unsafe_road_no_footpath,DT Next,https://www.dtnext.in/news/chennai/chennai-citizen-connect-garbage-pile-up-poor-sanitation-irk-commuters-on-greams-road,"2026 report: garbage and sludge spread onto the pavement along a busy pedestrian stretch near the junction, obstructing walking space."
Redhills-Tiruvallur Highway opposite Bethal Church,13.1550,80.1970,unsafe_road_no_footpath,DT Next,https://www.dtnext.in/news/chennai/chennai-citizen-connect-motorists-urge-sh-dept-to-repair-damaged-redhills-tiruvallur-road,2026 report: approximately 1 km section was described as accident-prone; multiple damaged points and recent crashes were reported.
"Selaivayal, Kodungaiyur SWD-work stretch",13.1615,80.2610,unsafe_road_no_footpath,DT Next,https://www.dtnext.in/news/chennai/dt-next-impact-one-way-traffic-at-selaivayal-to-ease-congestions-in-chennai,2026 report: delayed storm-water-drain work caused traffic chaos and prompted traffic restrictions to reduce accident risk.
"Anna Main Road, KK Nagar",13.0345,80.2020,poor_lighting,DT Next,https://www.dtnext.in/news/chennai/chennai-citizen-connect-unmarked-speed-breakers-make-for-a-bumpy-ride-in-kk-nagar,"2026 report: non-functional streetlights and unmarked speed breakers on a busy road were reported as increasing accident risk, particularly at night."
"Tidel Park U-turn flyover, Tiruvanmiyur",12.9865,80.2490,poor_lighting,DT Next,https://www.dtnext.in/amp/story/news/chennai/chennai-citizen-connect-non-functional-streetlights-render-tidel-park-u-turn-bridge-dangerous,2026 report: non-functional streetlights left the U-turn flyover in darkness at night; sharp turns and poor visibility increased accident risk.
"Eswaran Koil Street / Kannagi Nagar Main Road, Thoraipakkam",12.9315,80.2300,unsafe_road_no_footpath,DT Next,https://www.dtnext.in/amp/story/news/chennai/chennai-citizen-connect-month-after-re-laying-kannagi-nagar-road-dug-up-again-for-swd-work,2026 report: road cracked within a month after relaying and became accident-prone amid heavy-vehicle traffic and unfinished storm-water-drain work.
"Palla Street, Agraharam, Korattur",13.1120,80.1845,unsafe_road_no_footpath,DT Next,https://www.dtnext.in/amp/story/news/chennai/chennai-citizen-connect-agraharam-residents-in-korattur-urge-gcc-to-re-lay-palla-street,"2026 report: approximately 1 km stretch had potholes, uneven surface and sunken silt catch pits; a resident reported a fall and fracture."
"Thattankulam Road, Madhavaram",13.1470,80.2320,unsafe_road_no_footpath,DT Next,https://www.dtnext.in/news/chennai/chennai-citizen-connect-fix-needed-pothole-ridden-thattankulam-road,"2026 report: road remained pothole-ridden for months, with loose gravel and inadequate street lighting increasing accident risk, especially for two-wheelers."
Poonamallee High Road near Shenoy Nagar traffic signal,13.0780,80.2210,unsafe_road_no_footpath,DT Next,https://www.dtnext.in/news/chennai/chennai-citizen-connect-sunken-manhole-on-ph-road-near-shenoy-nagar-poses-risk-to-motorists-846207,2025 report: sunken manhole in the middle of the busy arterial road created a serious hazard; sewage splashing and sudden braking were also reported.
"Ormes Road, Kilpauk",13.0715,80.2405,unsafe_road_no_footpath,DT Next,https://www.dtnext.in/news/chennai/chennai-citizen-connect-wrong-side-driving-is-a-routine-on-ormes-road,2026 report: routine wrong-side driving forces oncoming vehicles to brake/swerve; schoolchildren and pedestrians are present on the stretch.
"Constable Road, Ayanavaram–Villivakkam",13.1005,80.2210,unsafe_road_no_footpath,DT Next,https://www.dtnext.in/amp/story/news/chennai/chennai-motorists-seek-urgent-repair-of-uneven-constable-road,"2026 report: damaged three-kilometre stretch, concealed potholes and skidding/wobbling were associated with accidents, especially at night."
"100 Feet Road near Kalaimagal Nagar bus stop, Ekkattuthangal",13.0200,80.1990,unsafe_road_no_footpath,DT Next,https://www.dtnext.in/news/chennai/chennai-citizen-connect-poorly-restored-trench-greets-motorists-on-100-feet-road,2026 report: poorly restored pipeline trench left loose gravel and dust on the road; a two-wheeler rider reportedly skidded and fell.
"Ayyavoo Second Lane, Shenoy Nagar",13.0785,80.2250,stray_animal_risk,DT Next,https://www.dtnext.in/news/chennai/stray-cattle-in-shenoy-nagar-obstructs-traffic-pedestrians-822562,2025 report: cattle tied/roaming at the entrance to a dead-end lane obstructed pedestrians and traffic; residents reported road mess and night-time obstruction.
"Thiruvengadapuram Main Road, Choolaimedu",13.0575,80.2240,unsafe_road_no_footpath,Times of India,https://timesofindia.indiatimes.com/city/chennai/gcc-relays-choolaimedu-roads-in-a-rush-now-theyre-uneven-already-crumbling-in-places/articleshow/129707830.cms,"2026 report: road was relaid without milling the old surface, leaving an unnaturally elevated and uneven stretch that was already crumbling."
"Ameerjan Street, Choolaimedu",13.0585,80.2225,unsafe_road_no_footpath,Times of India,https://timesofindia.indiatimes.com/city/chennai/gcc-relays-choolaimedu-roads-in-a-rush-now-theyre-uneven-already-crumbling-in-places/articleshow/129707830.cms,"2026 report: road was among four Choolaimedu roads rapidly relaid without milling, leaving uneven levels and crumbling surfaces."
"Abdullah Street, Choolaimedu",13.0590,80.2215,unsafe_road_no_footpath,Times of India,https://timesofindia.indiatimes.com/city/chennai/gcc-relays-choolaimedu-roads-in-a-rush-now-theyre-uneven-already-crumbling-in-places/articleshow/129707830.cms,"2026 report: road was among the Choolaimedu stretches relaid without milling, creating uneven road levels and safety concerns."
"Khan Street, Choolaimedu",13.0595,80.2205,unsafe_road_no_footpath,Times of India,https://timesofindia.indiatimes.com/city/chennai/gcc-relays-choolaimedu-roads-in-a-rush-now-theyre-uneven-already-crumbling-in-places/articleshow/129707830.cms,2026 report: rapid relaying without milling left the surface elevated/uneven and beginning to crumble.
"Halls Road, Egmore",13.0735,80.2605,poor_lighting,DT Next,https://www.dtnext.in/news/chennai/chennai-uneven-drains-poor-lighting-make-commute-hard-on-halls-road-852563,"2025 report: uneven drains and inadequate streetlights leave portions of Halls Road poorly illuminated and difficult to navigate, especially in rain."
"Razzak Garden Main Road, MMDA Colony, Arumbakkam",13.0725,80.2055,unsafe_transport_stop,DT Next,https://www.dtnext.in/news/chennai/chennai-damaged-mmda-petrol-bunk-bus-shelter-on-razzak-garden-main-road-leaves-commuters-exposed,"2026 report: MMDA Petrol Bunk bus shelter had a missing roof and unusably high seats, leaving commuters exposed and raising safety concerns."
"MMDA Colony Main Road / Vinayakapuram Main Road junction, Arumbakkam",13.0720,80.2045,unsafe_road_no_footpath,DT Next,https://www.dtnext.in/news/chennai/cm-vijays-posters-banners-a-pain-point-for-pedestrians-motorists,"2026 report: banners were tied to view cutters and footpaths at the junction and around the MMDA bus stop, obstructing pedestrian space and visibility."
Perambur High Road near Perambur Railway Station,13.1090,80.2485,unsafe_road_no_footpath,DT Next,https://www.dtnext.in/news/chennai/chennai-citizen-connect-metro-rail-works-cause-safety-concerns-on-perambur-high-road,2026 report: Metro construction narrowed the carriageway and barricades restricted vehicle movement; congestion affected the bus-stop/railway-station area.
Perambur Railway Station approach footpath,13.1095,80.2475,unsafe_road_no_footpath,DT Next,https://www.dtnext.in/news/chennai/chennai-little-space-to-walk-as-encroachments-take-over-footpaths-near-perambur-railway-station-2,"2026 report: shop extensions, advertisement boards and displayed goods blocked the footpaths between the railway station and a busy bus stop."
Kilpauk Garden Road,13.0805,80.2390,unsafe_road_no_footpath,Times of India,https://timesofindia.indiatimes.com/city/chennai/chennai-roads-crumble-as-re-laying-remains-on-hold/amp_articleshow/133132426.cms,"2026 report specifically cites stretches near hospitals and schools including Kilpauk Garden Road among roads affected by potholes, utility cuts and delayed relaying."
"MRC Nagar Main Road, RA Puram",13.0305,80.2670,unsafe_road_no_footpath,New Indian Express,https://www.newindianexpress.com/cities/chennai/2026/Apr/02/ra-puram-residents-move-madras-hc-to-oust-vendors-blocking-roads,"2026 Madras High Court petition: illegal parking, vendors and encroachments obstructed the road/footpath, reducing a narrow residential road to effectively one lane and creating safety/access problems."
"South Beach Avenue, RA Puram",13.0285,80.2675,unsafe_road_no_footpath,New Indian Express,https://www.newindianexpress.com/cities/chennai/2026/Apr/02/ra-puram-residents-move-madras-hc-to-oust-vendors-blocking-roads,"2026 High Court petition specifically names this street among MRC Nagar-area roads affected by obstruction, encroachment, parking and sanitation issues."
"Janaki Avenue, RA Puram",13.0290,80.2690,unsafe_road_no_footpath,New Indian Express,https://www.newindianexpress.com/cities/chennai/2026/Apr/02/ra-puram-residents-move-madras-hc-to-oust-vendors-blocking-roads,"2026 High Court petition specifically names this street among roads affected by persistent obstruction, parking and pavement encroachment."
"Kasthuri Avenue, RA Puram",13.0295,80.2700,unsafe_road_no_footpath,New Indian Express,https://www.newindianexpress.com/cities/chennai/2026/Apr/02/ra-puram-residents-move-madras-hc-to-oust-vendors-blocking-roads,"2026 High Court petition specifically names this street among roads affected by illegal parking, vendors and encroachments."
"Thandavarayan Street, RA Puram",13.0300,80.2685,unsafe_road_no_footpath,New Indian Express,https://www.newindianexpress.com/cities/chennai/2026/Apr/02/ra-puram-residents-move-madras-hc-to-oust-vendors-blocking-roads,2026 High Court petition: narrow road obstructed by parking/vendors; residents said congestion made ambulance access difficult.
Vyasarpadi Cooperative Industrial Estate internal roads,13.1135,80.2575,unsafe_road_no_footpath,New Indian Express,https://www.newindianexpress.com/cities/chennai/2026/Mar/30/vyasarpadi-industrial-estate-in-neglect-no-roads-lights-or-drains-say-workers,"2026 report: internal roads are severely damaged and largely unlaid, with heavy vehicles, sewage overflow and industrial waste making movement difficult."
Vyasarpadi Cooperative Industrial Estate,13.1135,80.2575,poor_lighting,New Indian Express,https://www.newindianexpress.com/cities/chennai/2026/Mar/30/vyasarpadi-industrial-estate-in-neglect-no-roads-lights-or-drains-say-workers,2026 report: adequate street lighting is almost non-existent; workers reported the premises become dark after 6:30 pm and specifically raised women's safety concerns.
Sardar Patel Road near CLRI,13.0065,80.2385,unsafe_road_no_footpath,New Indian Express,https://www.newindianexpress.com/cities/chennai/2019/Sep/08/ten-inch-footpath-on-sardar-patel-road-in-chennai-irks-pedestrians-2030756.html,"Documented pedestrian hazard: footpath near CLRI was only about 10 inches wide, forcing pedestrians onto the busy road. Older source; retain only as historical infrastructure evidence."
Taylors Road / EVR Periyar Salai junction,13.0780,80.2555,unsafe_road_no_footpath,New Indian Express,https://www.newindianexpress.com/cities/chennai/2026/Jun/30/chennai-begins-upgrading-94-road-junctions-to-ease-traffic-flow,"2026 GCC junction-safety programme specifically includes this junction for bell-mouth improvement intended to improve turning, congestion and pedestrian crossing safety."
Flowers Road / EVR Periyar Salai junction,13.0800,80.2540,unsafe_road_no_footpath,New Indian Express,https://www.newindianexpress.com/cities/chennai/2026/Jun/30/chennai-begins-upgrading-94-road-junctions-to-ease-traffic-flow,2026 GCC junction-safety programme specifically includes this junction; works are intended to improve traffic movement and pedestrian crossing safety.
"Chigirintha Palayam 3rd Street, Korukkupet",13.1220,80.2780,unsafe_road_no_footpath,DT Next,https://www.dtnext.in/amp/story/news/chennai/exposed-eb-cables-on-footpaths-puts-chigirintha-palayam-residents-at-risk,"2026 report: temporary exposed electricity cables run across the footpath/road; residents, schoolchildren, women and senior citizens use the stretch."
"Chigirintha Palayam 4th Street, Korukkupet",13.1225,80.2785,unsafe_road_no_footpath,DT Next,https://www.dtnext.in/amp/story/news/chennai/exposed-eb-cables-on-footpaths-puts-chigirintha-palayam-residents-at-risk,"2026 report: temporary exposed electricity cables were laid openly across pedestrian/road space, creating a safety risk especially during rain."
"Chigirintha Palayam 5th Street, Korukkupet",13.1230,80.2790,unsafe_road_no_footpath,DT Next,https://www.dtnext.in/amp/story/news/chennai/exposed-eb-cables-on-footpaths-puts-chigirintha-palayam-residents-at-risk,2026 report: exposed temporary EB cables cross the footpath/road and force pedestrians to move carefully around them.
"Bells Road bus stop, Chepauk",13.0635,80.2815,unsafe_transport_stop,DT Next,https://www.dtnext.in/news/chennai/chennai-citizen-connect-haphazard-parking-in-front-of-bells-road-bus-stop-endangers-commuters,"2026 report: parked two-wheelers and autos force buses to stop away from the bus bay, making passengers board/alight unsafely."
"14th MTC bus stop, Anna Nagar 3rd Avenue East",13.0885,80.2115,unsafe_transport_stop,DT Next,https://www.dtnext.in/amp/story/news/chennai/chennai-citizen-connect-commuters-in-a-fix-as-parking-for-aadhaar-office-spills-onto-bus-bay-in-anna-nagar,"2026 report: two-wheelers parked outside an Aadhaar centre block the bus bay, forcing buses to halt on the main carriageway and passengers to board there."
Madhavaram High Road near Perambur Railway Station,13.1090,80.2485,unsafe_road_no_footpath,DT Next,https://www.dtnext.in/news/chennai/chennai-little-space-to-walk-as-encroachments-take-over-footpaths-near-perambur-railway-station-2,"2026 report: shop extensions, advertising boards and displayed goods blocked footpaths on the busy railway-station/bus-stop connection."
"Rajalakshmi Nagar 3rd Street, Pallikaranai",12.9635,80.2060,unsafe_road_no_footpath,DT Next,https://www.dtnext.in/news/chennai/chennai-citizen-connect-gccs-civic-negligence-irks-rajalakshmi-nagar-residents,"2026 report: construction debris was covered with gravel instead of being removed, raising the street level and obstructing natural drainage, increasing monsoon waterlogging risk."
"Race Course Road, Guindy",13.0060,80.2195,unsafe_road_no_footpath,DT Next,https://www.dtnext.in/amp/story/news/chennai/chennai-to-get-major-road-safety-upgrades-on-key-corridors,"2026 road-safety programme identifies the corridor as part of Chennai's accident-prone/high-risk network subject to safety improvements; corridor-level seed, not a single blackspot."
Velachery Bypass Road (SH48C),12.9790,80.2180,unsafe_road_no_footpath,DT Next,https://www.dtnext.in/amp/story/news/chennai/chennai-to-get-major-road-safety-upgrades-on-key-corridors,2026 road-safety programme identifies this corridor for safety upgrades after road-safety audits and crash-data analysis found high-risk/blackspot-prone stretches.
Taramani Link Road (SH48B),12.9910,80.2370,unsafe_road_no_footpath,DT Next,https://www.dtnext.in/amp/story/news/chennai/chennai-to-get-major-road-safety-upgrades-on-key-corridors,2026 road-safety programme identifies this corridor for safety upgrades after audits/crash-data analysis found high-risk stretches and pedestrian-infrastructure issues.
Anna Salai subway opposite Higginbothams,13.0650,80.2600,poor_lighting,Times of India,https://timesofindia.indiatimes.com/city/chennai/leaky-walls-stench-dim-lights-greet-pedestrians-at-anna-salai-subway/articleshow/133162389.cms,"2026 report: only about 6 of roughly 24 lights were working; leaking walls, stagnant water and a loose drainage cover also created pedestrian hazards."
"Ameer Mahal bus stop, Royapettah",13.0530,80.2570,unsafe_transport_stop,DT Next,https://www.dtnext.in/news/chennai/chennai-vehicles-parked-near-ameer-mahal-bus-stop-concerns-passengers,2026 report: vehicles parked near the bus stop create inconvenience and constrain commuter access.
"Balaji Nagar bus stop, Kallikuppam, Ambattur",13.1190,80.1660,unsafe_transport_stop,DT Next,https://www.dtnext.in/news/chennai/chennai-citizen-connect-commuters-raise-concern-over-bikes-parked-blocking-balaji-nagar-bus-stop-853526,"2025 report: two-wheelers routinely park in front of the bus stop, obstructing commuters and bus-stop access."
Virugambakkam bus stop,13.0535,80.1920,unsafe_transport_stop,DT Next,https://www.dtnext.in/news/chennai/chennai-open-bus-stops-in-virugambakkam-forces-commuters-to-wait-in-scorching-heat,2026 report: open/uncovered bus stops force commuters to wait in the open; inadequate shelter is a documented stop-level problem.
Pattalam bus shelter,13.0875,80.2545,unsafe_transport_stop,DT Next,https://www.dtnext.in/news/chennai/chennai-citizen-connect-damaged-bus-shelter-in-pattalam-a-worry-as-summer-sets-in-early,2026 report: damaged bus shelter provides poor protection for commuters and was reported as a public concern.
"Thiruvalluvar Statue bus stop, Mylapore",13.0350,80.2670,unsafe_transport_stop,Times of India,https://timesofindia.indiatimes.com/city/chennai/temporary-bus-shelter-leaves-users-under-punishing-sun/articleshow/131413067.cms,"2026 report: temporary shelter accommodates fewer than 10 people while this high-use stop receives a bus roughly every two minutes, leaving many commuters exposed."
"Asar Khana bus stop, Alandur",12.9975,80.2005,unsafe_transport_stop,Times of India,https://timesofindia.indiatimes.com/city/chennai/no-shelter-at-asar-khana-bus-stop-commuters-suffer/articleshow/127567972.cms,2026 report: bus-stop shelter was removed during road widening and no temporary replacement was provided; commuters were forced to wait on the road.
"Race Course Road bus stop, Guindy",13.0060,80.2195,unsafe_transport_stop,Times of India,https://timesofindia.indiatimes.com/city/chennai/commuters-struggle-as-busy-guindy-race-course-road-bus-stop-has-no-seats-cctv/articleshow/126338715.cms,"2026 report: stop lacked seating, drinking water and CCTV; lighting was non-functional at night and buses often stopped away from the designated point."
NSC Bose Road outside Madras High Court,13.0820,80.2845,unsafe_road_no_footpath,Times of India,https://timesofindia.indiatimes.com/city/chennai/advocates-parking-chokes-nsc-bose-road-outside-madras-hc/articleshow/127917033.cms,"2026 report: extensive advocate parking and barricades consumed lanes, pushing pedestrians onto the carriageway and severely restricting traffic."
"Besant Avenue Road, Adyar health-walk track near Karpagam Garden police booth",13.0040,80.2565,unsafe_road_no_footpath,Times of India,https://timesofindia.indiatimes.com/city/chennai/adyars-8km-health-walk-track-tests-residents-patience-more-than-stamina/articleshow/127824512.cms,2026 report: parked vehicles completely blocked the footpath near the police booth; walkers repeatedly switched sides or used the road because of encroachments.
"West Avenue Road, Thiruvanmiyur, near OMR approach",12.9890,80.2540,unsafe_road_no_footpath,Times of India,https://timesofindia.indiatimes.com/city/chennai/residents-upset-over-shoddy-electric-cable-work-in-thiruvanmiyur/articleshow/129580080.cms,"2026 report: underground cable work left debris and barricades occupying the pavement, forcing pedestrians onto the roughly 1.5-lane road; minor trips/falls were reported."
"200 Feet Radial Road service lanes, Pallavaram–Thoraipakkam section within Chennai",12.9690,80.2040,unsafe_road_no_footpath,Times of India,https://timesofindia.indiatimes.com/city/chennai/highways-dept-in-slumber-as-craters-disrupt-commute-on-radial-road/amp_articleshow/133126349.cms,2026 report: service lanes had water-filled craters and unrepaired surfaces; the main carriageway also had potholes near the Velachery Main Road junction. Retained as a corridor-level Chennai seed.
"Velachery Main Road junction, 200 Feet Radial Road",12.9750,80.2115,unsafe_road_no_footpath,Times of India,https://timesofindia.indiatimes.com/city/chennai/highways-dept-in-slumber-as-craters-disrupt-commute-on-radial-road/amp_articleshow/133126349.cms,2026 report: potholes were specifically reported near the Velachery Main Road junction on the Radial Road.
New Avadi Road / EVR Periyar Salai junction,13.0805,80.2520,unsafe_road_no_footpath,New Indian Express,https://www.newindianexpress.com/cities/chennai/2026/Jun/30/chennai-begins-upgrading-94-road-junctions-to-ease-traffic-flow,2026 GCC programme specifically includes this junction for bell-mouth improvement; project rationale includes safer pedestrian crossing spaces and reduced congestion.
Vasu Street / EVR Periyar Salai junction,13.0810,80.2510,unsafe_road_no_footpath,New Indian Express,https://www.newindianexpress.com/cities/chennai/2026/Jun/30/chennai-begins-upgrading-94-road-junctions-to-ease-traffic-flow,2026 GCC programme specifically includes this junction for bell-mouth improvement and pedestrian-safety upgrades.
Alagappa Road / EVR Periyar Salai junction,13.0815,80.2500,unsafe_road_no_footpath,New Indian Express,https://www.newindianexpress.com/cities/chennai/2026/Jun/30/chennai-begins-upgrading-94-road-junctions-to-ease-traffic-flow,2026 GCC programme specifically includes this junction for bell-mouth improvement and safer pedestrian crossing spaces.
Dr Nair Road / EVR Periyar Salai junction,13.0820,80.2490,unsafe_road_no_footpath,New Indian Express,https://www.newindianexpress.com/cities/chennai/2026/Jun/30/chennai-begins-upgrading-94-road-junctions-to-ease-traffic-flow,2026 GCC programme specifically includes this junction for bell-mouth improvement and pedestrian-safety improvements.
Gengu Reddy Subway Road / EVR Periyar Salai junction,13.0758,80.2595,unsafe_road_no_footpath,New Indian Express,https://www.newindianexpress.com/cities/chennai/2026/Jun/30/chennai-begins-upgrading-94-road-junctions-to-ease-traffic-flow,2026 GCC programme specifically includes this junction for bell-mouth improvement intended to improve traffic flow and pedestrian crossing safety.
Sir Thyagaraya Road near Pondy Bazaar,13.0415,80.2350,unsafe_road_no_footpath,DT Next,https://www.dtnext.in/news/chennai/chennai-citizen-connect-months-on-no-action-on-damaged-manhole-on-t-nagar-road,2026 report: damaged manhole cover with protruding iron rods remained in the middle of the road for months; poor cable-work patching was also reported along the stretch.
"Ellaiamman Kovil Street, West Mambalam",13.0330,80.2185,unsafe_road_no_footpath,DT Next,https://www.dtnext.in/amp/story/news/chennai/chennai-citizen-connect-manhole-below-road-level-makes-ellaiamman-koil-street-accident-prone,2026 report: manhole and rainwater intake points were below road level after SWD work; riders reportedly lose balance and fall frequently.
"Pillaiyar Koil Street, SBI Colony, Thoraipakkam",12.9395,80.2325,unsafe_road_no_footpath,DT Next,https://www.dtnext.in/news/chennai/chennai-citizen-connect-open-manhole-keeps-thoraipakkam-commuters-on-toes-835358,"2025 report: damaged, almost-open manhole cover remained unrepaired for more than a week and was only marked with a branch to warn commuters."
"Kavarai Street, West Mambalam",13.0335,80.2195,unsafe_road_no_footpath,DT Next,https://www.dtnext.in/news/chennai/chennai-citizen-connect-damaged-manhole-slush-on-kavarai-street-pose-risk-to-motorists-839121,"2025 report: damaged/open manhole, slush and water-pipeline leakage created a serious hazard for motorists and pedestrians, especially during rain."
Nandanam near Government Arts College footpath,13.0315,80.2420,unsafe_road_no_footpath,New Indian Express,https://www.newindianexpress.com/cities/chennai/2025/Feb/03/encroachments-kerb-parking-make-footpaths-inaccessible-for-disabled-in-chennai,"2025 accessibility report: debris, encroachments, poles and vendors obstruct the footpath; a heavily used route to Government Arts College was difficult for pedestrians and visually impaired users."
Chepauk near New State Guest House footpath,13.0610,80.2805,unsafe_road_no_footpath,New Indian Express,https://www.newindianexpress.com/cities/chennai/2025/Feb/03/encroachments-kerb-parking-make-footpaths-inaccessible-for-disabled-in-chennai,2025 report: police barricades stored on footpaths near the New State Guest House force pedestrians onto the road.
"NSK Nagar 4th Street, Aminjikarai",13.0720,80.2185,robbery_theft_prone,DT Next,https://www.dtnext.in/news/chennai/police-arrest-man-within-hours-of-knifepoint-robbery-in-chennai,2026 police report documents a knifepoint residential robbery on NSK Nagar 4th Street. Incident-level seed only; it does not establish that the entire street has a high robbery rate.
"Dr Radhakrishnan Salai / Royapettah High Road junction, Mylapore",13.0460,80.2610,unsafe_road_no_footpath,Times of India,https://timesofindia.indiatimes.com/city/chennai/road-caves-in-again-on-radhakrishnan-salai-gcc-plans-drain-replacement/amp_articleshow/133072758.cms,2026 report: a 4-ft section of road caved in at this junction due to a damaged storm-water drain; it was the third cave-in at the same spot.
"Kalmandapam near marriage hall, Royapuram",13.1190,80.2915,unsafe_road_no_footpath,New Indian Express,https://www.newindianexpress.com/cities/chennai/2026/May/07/tvk-banners-and-posters-across-chennai-irk-residents,2026 report: a large political cut-out/hoarding placed on the footpath near a marriage hall blocked pedestrian access and raised concern that it could fall.
"Gandhi Mandapam Road, Anna University–Adyar stretch",13.0160,80.2360,unsafe_road_no_footpath,New Indian Express,https://www.newindianexpress.com/states/tamil-nadu/2025/Oct/20/sardar-patel-and-gandhi-mandapam-road-footpaths-shrink-pedestrians-irked,"2025 report: pedestrian walkways were reduced to nearly half their previous width during road-extension works, forcing some pedestrians to use the carriageway."
"Suriya Narayanan Chetty Street, Royapuram",13.1165,80.2920,unsafe_road_no_footpath,DT Next,https://www.dtnext.in/news/chennai/ongoing-civic-works-wreak-havoc-on-roads-linking-kasimedu-tiruvottiyur-829055,"2025 report: civic works left the road dug up, muddy and dusty; uneven road conditions were reported as dangerous for motorists in the Royapuram/Kasimedu corridor."
"Ranganathan Street, T Nagar",13.0390,80.2345,unsafe_road_no_footpath,New Indian Express,https://www.newindianexpress.com/web-only/2025/Aug/12/crores-spent-but-will-chennais-roads-ever-be-people-friendly,2025 report: shops encroach on the footpath and walking becomes chaotic; low-lying utility cables further obstruct pedestrian movement.
"Dr Ambedkar Nagar 3rd Main Road, Manapakkam",13.0185,80.1715,unsafe_road_no_footpath,New Indian Express,https://www.newindianexpress.com/cities/chennai/2025/Jul/07/damaged-manhole-poses-threat-to-locals-motorists-in-chennai,"2025 report: damaged manhole in the middle of the road had exposed iron rods, underground pipelines and open sewage; barricade was reportedly difficult to see at night."
"Ramamurthy Nagar Main Road, Madipakkam",12.9690,80.1995,unsafe_road_no_footpath,New Indian Express,https://www.newindianexpress.com/cities/chennai/2024/Sep/09/broken-road-manhole-claim-68-yr-old-bikers-life-in-chennai,2024 report: a raised Metro Water manhole on the road was struck by a two-wheeler in a fatal crash. Incident-level infrastructure hazard.
"Ram Nagar South 7th Main Road, Madipakkam",12.9680,80.2005,unsafe_road_no_footpath,New Indian Express,https://www.newindianexpress.com/cities/chennai/2024/Dec/01/open-manholes-loose-hoardings-pose-serious-hazards-amid-heavy-rains,2024 report: two open storm-water manholes were documented on the street during flooding; residents warned pedestrians to walk in the centre of the road.
"Mullai bus stop, Sathya Murthy Nagar, Vyasarpadi",13.1165,80.2580,unsafe_transport_stop,New Indian Express,https://www.newindianexpress.com/cities/chennai/2024/Dec/01/open-manholes-loose-hoardings-pose-serious-hazards-amid-heavy-rains,2024 report: an uncovered drain opposite the bus stop was hidden under floodwater without barricades or warning signs; schoolchildren were seen warning pedestrians.
"Galaxy Road, Ayanambakkam",13.0970,80.1460,unsafe_road_no_footpath,New Indian Express,https://www.newindianexpress.com/cities/chennai/2021/Apr/11/accidents-common-on-ayanambakkam-roads-2288545.html,2021 report: four open potholes/manholes remained on Galaxy Road after cyclone damage; residents reported frequent accidents and inadequate lighting.
"Galaxy Road, Ayanambakkam",13.0970,80.1460,poor_lighting,New Indian Express,https://www.newindianexpress.com/cities/chennai/2021/Apr/11/accidents-common-on-ayanambakkam-roads-2288545.html,2021 report: street lights were missing on most access roads in the area and traffic lights did not work on most access roads; source also records night-time safety concerns.
"Whites Road, Royapettah",13.0550,80.2585,unsafe_road_no_footpath,New Indian Express,https://www.newindianexpress.com/cities/chennai/2017/Nov/27/manhole-covers-not-doing-their-job-1712407.html,"2017 historical report: damaged/loose storm-water-drain covers and poor pavements created pedestrian hazards, especially on rainy nights."
"Peters Road, Royapettah",13.0540,80.2605,unsafe_road_no_footpath,New Indian Express,https://www.newindianexpress.com/cities/chennai/2017/Nov/27/manhole-covers-not-doing-their-job-1712407.html,2017 historical report: damaged/loose storm-water-drain covers and poor pavements created pedestrian hazards.
"Pattulos Road, Royapettah",13.0555,80.2615,unsafe_road_no_footpath,New Indian Express,https://www.newindianexpress.com/cities/chennai/2017/Nov/27/manhole-covers-not-doing-their-job-1712407.html,2017 historical report: damaged/loose storm-water-drain covers and poor pavements created pedestrian hazards.
"Ennore Express Highway, Tiruvottiyur manhole/barricade incident stretch",13.1500,80.2940,unsafe_road_no_footpath,New Indian Express,https://www.newindianexpress.com/cities/chennai/2026/Jun/19/girl-riding-pillion-on-bike-falls-on-road-mowed-down-by-truck-in-chennai,"2026 report: a two-wheeler hit a barricade around a road manhole, causing a passenger to fall into the path of a container lorry. Residents also cited construction debris and sand left after civic works."
"Nungambakkam Subway, Nelson Manickam Road",13.0620,80.2360,unsafe_road_no_footpath,Times of India,https://timesofindia.indiatimes.com/city/chennai/nungambakkam-subway-riddled-with-potholes-repair-work-stuck/articleshow/130070181.cms,2026 report: pothole-ridden subway with stalled repair work; the route serves school and college students and hospital users.
"Duraisamy Subway, T Nagar–West Mambalam",13.0370,80.2245,unsafe_road_no_footpath,Times of India,https://timesofindia.indiatimes.com/city/chennai/nungambakkam-duraisamy-subways-remain-in-bad-shape/articleshow/125233807.cms,"2025 report: water leakage, eroded tar, damaged concrete, potholes and stagnant rainwater made the subway risky for commuters."
"Madley Subway, West Mambalam–T Nagar",13.0360,80.2225,unsafe_road_no_footpath,Times of India,https://timesofindia.indiatimes.com/city/chennai/sunny-days-back-but-gcc-yet-to-fix-battered-subways/articleshow/124994002.cms,2025 report: rainwater seepage created slushy sections and the subway remained in poor condition.
"Thirumalai Pillai Road near Vidyodaya School bus stop, T Nagar",13.0480,80.2375,unsafe_transport_stop,Times of India,https://timesofindia.indiatimes.com/city/chennai/encroachments-tighten-their-grip-around-valluvar-kottam/articleshow/133348426.cms,2026 report: vendors and tanker lorries obstruct the footpath and bus-stop area; buses stop away from the designated point and commuters cross heavy traffic to board.
Wall Tax Road near Chennai Central Railway Station,13.0825,80.2735,unsafe_road_no_footpath,DT Next,https://www.dtnext.in/news/chennai/chennai-citizen-connect-jaywalking-near-central-raises-serious-safety-concerns,2026 report: lack of signals/designated zebra crossings and frequent jaywalking create repeated near-misses and minor accidents on the busy road.
Low-height railway culvert linking Poleri Amman Koil Street/AA Road to Perambur High Road,13.1130,80.2515,unsafe_road_no_footpath,DT Next,https://www.dtnext.in/amp/story/news/chennai/chennai-citizen-connect-two-wheeler-users-take-risky-ride-on-low-height-railway-culvert-in-perambur,"2026 report: narrow, low-clearance culvert is used by pedestrians and two-wheelers as a shortcut; riders bend while passing and residents describe it as hazardous."
"Vaithyanathan Road, Tondiarpet",13.1265,80.2910,unsafe_road_no_footpath,DT Next,https://www.dtnext.in/news/chennai/chennai-citizen-connect-excavated-road-damaged-sewage-chamber-irks-tondiarpet-residents,"2026 report: incomplete road excavation narrowed the one-way street; damaged sewage chambers, stagnant sewage, debris and inadequate barricades increased accident risk."
"Teacher's Colony 1st Cross Street, Kolathur",13.1175,80.2055,unsafe_road_no_footpath,DT Next,https://www.dtnext.in/amp/story/news/chennai/chennai-citizen-connect-underground-cable-works-deteriorates-relaid-roads-in-kolathur,"2026 report: underground utility works damaged a recently laid road, leaving potholes, loose stones and a narrowed usable stretch."
"VV Nagar 3rd Street, Kolathur",13.1190,80.2070,poor_lighting,DT Next,https://www.dtnext.in/amp/story/news/chennai/chennai-citizen-connect-underground-cable-works-deteriorates-relaid-roads-in-kolathur,2026 report: underground works left the road uneven with potholes and loose stones; residents reported non-functional/inadequate street lighting at night.
"Swami Sivananda Salai, section beyond MLA Hostel",13.0640,80.2780,unsafe_road_no_footpath,DT Next,https://www.dtnext.in/news/chennai/chennai-citizen-connect-motorist-struggle-as-water-tankers-damage-key-road-near-mla-hostel,"2026 report: roughly 100 m damaged by heavy water-tanker traffic; potholes, slush and waterlogging create skidding/accident risk."
"11th Avenue, Ashok Nagar near 67th Cross Street",13.0350,80.2090,unsafe_road_no_footpath,DT Next,https://www.dtnext.in/amp/story/news/chennai/chennai-citizen-connect-damaged-11th-avenue-stretch-in-ashok-nagar-poses-accident-threat,"2026 report: Metro Water works left a large unrepaired stretch with loose gravel at a turning point, creating a serious hazard for two-wheelers."
"School Street, West Jafferkhanpet",13.0195,80.2075,unsafe_road_no_footpath,DT Next,https://www.dtnext.in/amp/story/news/chennai/chennai-citizen-connect-exposed-power-cable-raises-safety-concerns-in-west-jafferkhanpet,"2026 report: exposed underground electrical cable remained on the road surface for nearly two months, creating a trip/vehicle hazard, especially in rain."
"GCC Herbal Park, Purasawalkam",13.0850,80.2570,poor_lighting,DT Next,https://www.dtnext.in/amp/story/news/chennai/chennai-citizen-connect-visitors-flag-safety-concerns-at-herbal-park-in-purasawalkam-826094,2025 report: only a few lights were functional and much of the park was dark after 6 pm; visitors also reported no CCTV/security.
"GCC Herbal Park, Purasawalkam",13.0850,80.2570,no_cctv,DT Next,https://www.dtnext.in/amp/story/news/chennai/chennai-citizen-connect-visitors-flag-safety-concerns-at-herbal-park-in-purasawalkam-826094,"2025 report: visitors reported no CCTV cameras and no security guard, with concerns about evening safety."
Vyasarpadi railway-station approach pathway,13.1140,80.2585,poor_lighting,New Indian Express,https://www.newindianexpress.com/cities/chennai/2023/nov/06/four-years-on-pathway-in-vyasarpadi-remains-derailed-2630458.html,2023 report: pathway lacked adequate lighting and a proper road; residents said women/students were using an unsafe route along the railway track.
Broadway Bus Terminus,13.0865,80.2820,poor_lighting,New Indian Express,https://www.newindianexpress.com/states/tamil-nadu/2023/Jun/11/10-city-bus-shelters-unsafe-for-women-in-chennai-2583883.html,"2023 women-safety audit: poor lighting, encroachments, lack of seating/signage and poor accessibility were documented at Broadway Bus Terminus."
Guindy Bus Terminus,13.0060,80.2200,poor_lighting,New Indian Express,https://www.newindianexpress.com/states/tamil-nadu/2023/Jun/11/10-city-bus-shelters-unsafe-for-women-in-chennai-2583883.html,"2023 women-safety audit: poor lighting, encroachments, lack of ramps/seating/signage were documented at Guindy Bus Terminus."
"IOC Bus Stand, Chennai",13.1350,80.2450,unsafe_transport_stop,New Indian Express,https://www.newindianexpress.com/states/tamil-nadu/2023/Jun/11/10-city-bus-shelters-unsafe-for-women-in-chennai-2583883.html,2023 women-safety audit: dark spaces behind the bus stand were reportedly used for illegal activities; the report flagged the location as unsafe for women.
KKD Nagar Bus Depot,13.1260,80.2570,unsafe_transport_stop,New Indian Express,https://www.newindianexpress.com/states/tamil-nadu/2023/Jun/11/10-city-bus-shelters-unsafe-for-women-in-chennai-2583883.html,"2023 women-safety audit: men were reportedly drinking on the approach road to the depot, with the location flagged for women's safety concerns."
Muthamizh Nagar Bus Depot,13.1370,80.2580,unsafe_transport_stop,New Indian Express,https://www.newindianexpress.com/states/tamil-nadu/2023/Jun/11/10-city-bus-shelters-unsafe-for-women-in-chennai-2583883.html,2023 women-safety audit: substance abuse was observed behind depot toilets and the site was flagged for safety concerns.
Ambedkar College Bus Stop,13.1095,80.2525,unsafe_transport_stop,New Indian Express,https://www.newindianexpress.com/states/tamil-nadu/2023/Jun/11/10-city-bus-shelters-unsafe-for-women-in-chennai-2583883.html,2023 women-safety audit: substance abuse and public urination were reported around the bus stop.
Ashok Pillar Bus Stop,13.0360,80.2120,unsafe_transport_stop,New Indian Express,https://www.newindianexpress.com/states/tamil-nadu/2023/Jun/11/10-city-bus-shelters-unsafe-for-women-in-chennai-2583883.html,2023 women-safety audit: substance abuse and rowdyism were reported around the bus stop.
Mandaveli CMRL pedestrian walkway starting from V K Iyer Road,13.0255,80.2635,poor_lighting,Times of India,https://timesofindia.indiatimes.com/city/chennai/cmrl-walkways-are-dark-dirty-dangerous/articleshow/125773612.cms,2025 inspection: narrow barricaded walkway was ill-lit; some lights did not work in the evening and users reported drinking/broken bottles near the route.
Mandaveli CMRL pedestrian walkway starting from V K Iyer Road,13.0255,80.2635,no_cctv,Times of India,https://timesofindia.indiatimes.com/city/chennai/cmrl-walkways-are-dark-dirty-dangerous/articleshow/125773612.cms,2025 report: CMRL temporary pedestrian walkways were created without CCTV in the project cost; the Mandaveli route was among inspected locations with safety concerns.
Luz Church Road CMRL pedestrian walkway,13.0330,80.2675,poor_lighting,Times of India,https://timesofindia.indiatimes.com/city/chennai/cmrl-walkways-are-dark-dirty-dangerous/articleshow/125773612.cms,"2025 inspection: CMRL barricaded walkway was described as narrow, ill-lit, uneven and unsafe for women."
Luz Church Road CMRL pedestrian walkway,13.0330,80.2675,no_cctv,Times of India,https://timesofindia.indiatimes.com/city/chennai/cmrl-walkways-are-dark-dirty-dangerous/articleshow/125773612.cms,"2025 report: temporary CMRL walkways lacked consistent CCTV coverage; the inspected Luz Church Road route had blind, enclosed sections."
"Venkatanarayana Road–Sivagnanam Street CMRL walkway, T Nagar",13.0405,80.2325,poor_lighting,Times of India,https://timesofindia.indiatimes.com/city/chennai/cmrl-walkways-are-dark-dirty-dangerous/articleshow/125773612.cms,"2025 inspection: six-foot-high barricades created blind spots and the walkway was only about 1 m wide, below pedestrian standards."
"Thousand Lights CMRL pedestrian walkway/crossover, Anna Salai",13.0600,80.2570,poor_lighting,Times of India,https://timesofindia.indiatimes.com/city/chennai/cmrl-walkways-are-dark-dirty-dangerous/articleshow/125773612.cms,"2025 inspection: temporary barricaded walkway was among the CMRL construction paths criticised as dark, narrow and difficult to navigate."
Sterling Road CMRL pedestrian walkway,13.0700,80.2410,poor_lighting,Times of India,https://timesofindia.indiatimes.com/city/chennai/cmrl-walkways-are-dark-dirty-dangerous/articleshow/125773612.cms,"2025 inspection: CMRL construction walkway was among the locations described as narrow, ill-lit and unsafe."
Pondy Bazaar pedestrian plaza–Venkatanarayana Road CMRL walkway,13.0400,80.2340,unsafe_road_no_footpath,Times of India,https://timesofindia.indiatimes.com/city/chennai/cmrl-walkways-are-dark-dirty-dangerous/articleshow/125773612.cms,"2025 report: walkway connecting the pedestrian plaza to Venkatanarayana Road was about 1 m wide, below the 1.8 m IRC comfort standard, with opaque barricades limiting visibility."
"Srinivasan Nagar CMRL pedestrian walkway, Kolathur",13.1145,80.2050,poor_lighting,Times of India,https://timesofindia.indiatimes.com/city/chennai/cmrl-walkways-are-dark-dirty-dangerous/articleshow/125773612.cms,2025 inspection: this was one of the eight CMRL pedestrian-walkway locations visited and was part of the reported dark/dirty/dangerous construction-path problem.
"Rathinammal Street / Dr Ambedkar Road junction, Kodambakkam",13.0545,80.2215,unsafe_road_no_footpath,DT Next,https://www.dtnext.in/news/chennai/chennai-citizen-connect-unstable-steel-cover-over-swd-manhole-poses-risk-to-motorists,2026 report: temporary steel cover over a storm-water-drain manhole shifts under traffic and exposes a hole; night-time two-wheeler riders reportedly lose control.
"3rd Main Road, Secretariat Colony, Thoraipakkam",12.9385,80.2295,unsafe_road_no_footpath,DT Next,https://www.dtnext.in/news/chennai/chennai-citizen-connect-slushy-roads-trouble-secretariat-colony-residents-at-thoraipakkam-amid-delayed-ugd-work,"2026 report: delayed UGD work leaves the road muddy and slippery; a severely broken manhole cover creates a hazard for commuters, pedestrians and children."
"Appu Street, Mylapore",13.0320,80.2695,unsafe_road_no_footpath,DT Next,https://www.dtnext.in/news/chennai/chennai-citizen-connect-milled-mylapore-roads-not-re-laid-even-after-a-month-841009,2025 report: milled road remained unrelaid for nearly a month; slippery surface and sewage manhole posed accident risk to motorists and pedestrians.
"Chitrakulam North Street / Appu Street intersection, Mylapore",13.0315,80.2690,unsafe_road_no_footpath,DT Next,https://www.dtnext.in/news/chennai/chennai-citizen-connect-milled-mylapore-roads-not-re-laid-even-after-a-month-841009,2025 report: damaged manhole lid at the intersection was explicitly described as making the stretch accident-prone.
Vaigai 1st Cross Street near Ashok Nagar 12th Avenue,13.0375,80.2095,poor_lighting,DT Next,https://www.dtnext.in/news/chennai/chennai-citizen-connect-damaged-manhole-on-vaigai-1st-cross-st-puts-public-at-risk-842213,2025 report: damaged Metro Water manhole was temporarily covered; the busy bypass stretch was particularly vulnerable at night because of poor street lighting.
Vaigai 1st Cross Street near Ashok Nagar 12th Avenue,13.0375,80.2095,unsafe_road_no_footpath,DT Next,https://www.dtnext.in/news/chennai/chennai-citizen-connect-damaged-manhole-on-vaigai-1st-cross-st-puts-public-at-risk-842213,2025 report: manhole cover gave way under a vehicle and was temporarily covered with tin sheets/bricks without proper barricading.
"Madha Church Road, Santhome",13.0285,80.2745,unsafe_road_no_footpath,DT Next,https://www.dtnext.in/news/chennai/chennai-citizen-connect-sewage-flowing-on-santhomes-madha-church-road-raise-hygiene-concerns,2025 report: sewage overflowed from multiple manholes; one sewer manhole was reportedly left open for months.
"Southern Railway Headquarters pavement, EVR Periyar Salai / PH Road",13.0830,80.2765,unsafe_road_no_footpath,DT Next,https://www.dtnext.in/news/chennai/citizen-connect-chennai-open-manhole-on-ph-road-pavement-poses-fatal-threat-798878,2024 report: open sewage-filled manhole with broken lid and protruding iron rods on a high-footfall pavement near Chennai Central.
"Gurumurthy Garden Street, Perambur Corporation Girls High School frontage",13.1070,80.2545,unsafe_road_no_footpath,DT Next,https://www.dtnext.in/news/chennai/chennai-citizen-connect-wall-collapse-at-perambur-corporation-school-raises-safety-concerns-808314,2024 report: collapsed school compound wall and construction debris near the road/footpath created a public safety concern.
"Thiruvottiyur High Road, Tondiarpet — 500 m SWD-work stretch",13.1255,80.2900,unsafe_road_no_footpath,New Indian Express,https://www.newindianexpress.com/cities/chennai/2026/Jun/01/broken-pathways-and-open-pits-greet-commuters-on-th-road,"2026 report: about 500 m affected by SWD work; broken/missing temporary walkways, collapsed or missing barricades, rubble and open pits force pedestrians close to traffic."
Wimco Nagar Metro station access area,13.1640,80.3010,unsafe_road_no_footpath,New Indian Express,https://www.newindianexpress.com/cities/chennai/2026/Mar/29/facilities-in-place-but-metro-stations-not-walker-friendly,2026 CUMTA/ITDP/Sensing Local walkability study: Wimco Nagar ranked among the lowest stations for footpath width and continuity.
Thiruvottriyur Theradi Metro station access area,13.1585,80.3035,unsafe_road_no_footpath,New Indian Express,https://www.newindianexpress.com/cities/chennai/2026/Mar/29/facilities-in-place-but-metro-stations-not-walker-friendly,2026 walkability study: Thiruvottriyur Theradi ranked among the lowest for footpath width and continuity.
"Tollgate Metro station access area, Tondiarpet",13.1395,80.2920,unsafe_road_no_footpath,New Indian Express,https://www.newindianexpress.com/cities/chennai/2026/Mar/29/facilities-in-place-but-metro-stations-not-walker-friendly,2026 walkability study: Tollgate ranked among lower-performing station areas for footpath width; encroachment-free performance was also assessed.
Mannadi Metro station access area,13.0915,80.2850,unsafe_road_no_footpath,New Indian Express,https://www.newindianexpress.com/cities/chennai/2026/Mar/29/facilities-in-place-but-metro-stations-not-walker-friendly,2026 walkability study: Mannadi ranked lowest for junction safety and obstruction-free/footpath continuity indicators.
Government Estate Metro station access area,13.0695,80.2730,unsafe_road_no_footpath,New Indian Express,https://www.newindianexpress.com/cities/chennai/2026/Mar/29/facilities-in-place-but-metro-stations-not-walker-friendly,2026 walkability study: Government Estate performed poorly for encroachment-free footpaths; station surroundings also require better last-mile pedestrian infrastructure.
High Court Metro station access area,13.0825,80.2850,unsafe_road_no_footpath,New Indian Express,https://www.newindianexpress.com/cities/chennai/2026/Mar/29/facilities-in-place-but-metro-stations-not-walker-friendly,"2026 walkability study: High Court station surroundings performed poorly on encroachment-free footpaths, despite relatively better junction safety than some stations."
Kilpauk Metro station access area,13.0770,80.2425,unsafe_road_no_footpath,New Indian Express,https://www.newindianexpress.com/cities/chennai/2026/Mar/29/facilities-in-place-but-metro-stations-not-walker-friendly,2026 walkability study: Kilpauk had weak crossing frequency and surrounding pedestrian-infrastructure gaps.
St Thomas Mount Metro station access area,12.9940,80.1985,unsafe_road_no_footpath,New Indian Express,https://www.newindianexpress.com/cities/chennai/2026/Mar/29/facilities-in-place-but-metro-stations-not-walker-friendly,"2026 walkability study: crossing frequency was weak around St Thomas Mount, indicating a pedestrian-safety deficiency in the station surroundings."
Perambur Loco Works Railway Station pedestrian subway,13.1150,80.2340,poor_lighting,DT Next,https://www.dtnext.in/news/chennai/chennai-citizen-connect-poorly-lit-neglected-perambur-subway-puts-commuters-safety-at-risk,"2026 report: few lights were functional, long sections remained dim and commuters reported safety concerns in the subway."
Perambur Loco Works Railway Station pedestrian subway,13.1150,80.2340,isolated_area,DT Next,https://www.dtnext.in/news/chennai/chennai-citizen-connect-poorly-lit-neglected-perambur-subway-puts-commuters-safety-at-risk,2026 report: subway was described as uncomfortable to walk through and was reportedly used by men for alcohol consumption.
Dr Guruswamy Bridge–Chetpet Eco Park railway-station pathway,13.0730,80.2450,poor_lighting,DT Next,https://www.dtnext.in/news/chennai/chennai-citizen-connect-pedestrians-weary-of-improper-condition-of-chetpet-eco-park-pavement,2026 report: insufficient street lighting causes pedestrians to avoid the route at night; garbage and overgrown bushes also reduce usability.
Dr Guruswamy Bridge–Chetpet Eco Park railway-station pathway,13.0730,80.2450,isolated_area,DT Next,https://www.dtnext.in/news/chennai/chennai-citizen-connect-pedestrians-weary-of-improper-condition-of-chetpet-eco-park-pavement,"2026 report: poor upkeep, garbage and bushes along the roughly 150 m pathway discourage use, particularly after dark."
"MKB Nagar 11th Cross Street, Vyasarpadi",13.1190,80.2570,unsafe_road_no_footpath,DT Next,https://www.dtnext.in/news/chennai/chennai-citizen-connect-haphazardly-lying-electric-wires-pose-threat-to-vyasarpadi-residents,"2026 report: temporary electrical wires were laid along about 60 m of road surface, obstructing pedestrians and motorists for nearly two weeks."
Tondiarpet High Road opposite Kodungaiyur dump yard,13.1290,80.2600,unsafe_road_no_footpath,DT Next,https://www.dtnext.in/news/chennai/chennai-citizen-connect-garbage-spilling-from-trucks-makes-tondiarpet-high-road-dangerous-rankles-motorists,2026 report: garbage spills from uncovered trucks create a slippery road surface; the report says several people were injured and one fatality occurred over the preceding month.
"Gandhi Irwin Road, Nest Hotel bus stop near Mayor Radhakrishnan Stadium",13.0730,80.2640,unsafe_transport_stop,DT Next,https://www.dtnext.in/news/chennai/chennai-citizen-connect-ensure-all-mtc-buses-halt-at-nest-hotel-bus-stop-commuters,"2026 report: some scheduled MTC buses reportedly pass the designated stop without halting, affecting patients, hospital staff and other commuters relying on the stop."
"Jamalia Bus Stop, Perambur High Road South",13.1085,80.2530,unsafe_transport_stop,DT Next,https://www.dtnext.in/news/chennai/chennai-citizen-connect-perambur-residents-urge-the-gcc-to-construct-the-bus-stops-with-correct-planning,"2026 report: ramp access and surrounding pedestrian infrastructure were damaged/incomplete during SWD work, affecting passengers, senior citizens and persons with disabilities."
"Mangalapuram Bus Stop, Perambur High Road South",13.1080,80.2505,unsafe_transport_stop,DT Next,https://www.dtnext.in/news/chennai/chennai-citizen-connect-perambur-residents-urge-the-gcc-to-construct-the-bus-stops-with-correct-planning,"2026 report: surrounding access infrastructure was incomplete/damaged during SWD works, creating accessibility problems for bus users."
"Sardar Colony 4th Street, Ekkatuthangal",13.0190,80.2045,unsafe_road_no_footpath,DT Next,https://www.dtnext.in/news/chennai/chennai-citizen-connect-damaged-roads-broken-stormwater-drains-irk-ekkaduthangal-residents,"2026 report: worn road surface, uneven patches and an unattended stormwater-drain cover made navigation difficult for pedestrians and motorists."
Anna Nagar 2nd Avenue near Anna Nagar Post Office,13.0860,80.2100,unsafe_road_no_footpath,DT Next,https://www.dtnext.in/news/chennai/chennai-citizen-connect-incomplete-swd-work-in-anna-nagar-raises-safety-concerns,"2026 report: uncovered roadside drain with stagnant water, waste and protruding iron rods creates a hazard for pedestrians and motorists near a route used by metro commuters."
Choolaimedu High Road / West Namasivaya Bridge pedestrian walkway,13.0625,80.2245,unsafe_road_no_footpath,DT Next,https://www.dtnext.in/news/chennai/chennai-citizen-connect-poor-maintenance-illegal-parking-plague-choolaimedu-bridge,"2026 report: garbage dumping and vehicle parking obstruct the pedestrian walkway, forcing women, senior citizens and office-goers onto the carriageway."
"Otteri Bus Stop, Brick Kiln Road",13.0895,80.2635,unsafe_transport_stop,New Indian Express,https://www.newindianexpress.com/cities/chennai/2024/Jul/29/call-to-relocate-tasmac-outlet-near-otteri-bus-stop,"2024 report: commuters said people drinking near the bus stop created safety concerns for women, children and motorists, especially at night; the stop had become busier after another stop was relocated."
"Nehru Nagar Bus Stop, Ennore",13.2160,80.3220,unsafe_transport_stop,DT Next,https://www.dtnext.in/amp/story/news/chennai/close-relocate-tasmac-outlet-in-nehru-nagar-urge-ennore-residents,"2026 report: residents said a nearby liquor outlet caused crowding, traffic disruption and safety concerns for women and senior citizens during evening/night hours."
Korattur Railway Station pedestrian subway,13.1085,80.1835,poor_lighting,New Indian Express,https://www.newindianexpress.com/cities/chennai/2023/Nov/19/subway-near-korattur-station-unusable-residents-2634260.html,"2023 report: subway had no lights, water stagnation and poor footpath maintenance; residents specifically described it as unsafe for women at night."
Korattur Railway Station pedestrian subway,13.1085,80.1835,isolated_area,New Indian Express,https://www.newindianexpress.com/cities/chennai/2023/Nov/19/subway-near-korattur-station-unusable-residents-2634260.html,2023 report: poor maintenance and a circuitous approach led passengers to avoid the subway and cross railway tracks instead.
"Poonamallee High Road footpath near DG Vaishnav College, Arumbakkam",13.0775,80.2075,unsafe_road_no_footpath,DT Next,https://www.dtnext.in/amp/story/news/chennai/chennai-citizen-connect-broken-footpath-a-concern-to-pedestrians-in-arumbakkam-812838,2024 report: broken/uneven footpath with open manholes and litter; students reported injuries and pedestrians said the road felt safer than the footpath.
"Saamiyar Madam bus stop, Subbarayan Nagar, Kodambakkam",13.0500,80.2140,unsafe_transport_stop,New Indian Express,https://www.newindianexpress.com/cities/chennai/2013/Sep/03/tough-time-for-commuters-at-saamiyar-madam-512886.html,"2013 historical record: no proper shelter, buses not stopping at the earmarked point, slush during rain and a reported near-miss involving a woman waiting at the stop. Historical; verify current condition before production use."
"Arcot Road, Vadapalani Bus Terminus to Vadapalani Junction",13.0505,80.2125,unsafe_road_no_footpath,DT Next,https://www.dtnext.in/amp/story/news/chennai/lack-of-footpath-forces-pedestrians-to-walk-on-arcot-road,"2026-08-20 report: no proper footpath on parts of the stretch; Metro Rail and SWD works further narrowed road space, forcing pedestrians to walk among moving vehicles."
"Rangarajapuram Main Road / Viswanathapuram Main Road junction, Kodambakkam",13.0505,80.2165,unsafe_road_no_footpath,DT Next,https://www.dtnext.in/news/chennai/encroached-footpaths-in-ashok-nagar-kodambakkam-put-pedestrians-in-peril,"2026-07-27 report: shop displays, parked two-wheelers/cars and other encroachments block footpaths, forcing schoolchildren, women and senior citizens onto the road."
"OMR service road near World Trade Centre Chennai, Perungudi",12.9685,80.2455,poor_lighting,DT Next,https://www.dtnext.in/news/chennai/chennai-citizen-connect-open-manholes-on-omr-service-roads-raise-huge-safety-concerns,2026-06-02 report: inadequate lighting on the Perungudi/Thoraipakkam service-road stretches makes night travel hazardous.
"Moolachatram Main Road, Madhavaram",13.1385,80.2320,unsafe_road_no_footpath,DT Next,https://www.dtnext.in/news/chennai/chennai-citizen-connect-over-raised-manhole-chamber-on-madhavaram-road-poses-safety-risk,2026-04-26 report: an over-raised manhole chamber occupies road space and reduces usable width; motorists can lose control when encountering its slope-like structure.
"Anna Nedum Salai, Kandanchavadi",12.9695,80.2445,unsafe_road_no_footpath,DT Next,https://www.dtnext.in/amp/story/news/chennai/chennai-citizen-connect-shoddy-state-of-anna-nedum-salai-rankles-kandanchavadi-residents,2026-09-11 report: road surface has deteriorated for about six months; loose gravel/exposed stones and lack of proper footpaths force pedestrians onto the busy carriageway.
"Lighthouse bus stop, opposite D5 Marina Police Station, Pattinampakkam",13.0290,80.2825,unsafe_transport_stop,Times of India,https://timesofindia.indiatimes.com/city/chennai/no-respite-from-the-elements-at-lighthouse-bus-stop/articleshow/134152577.cms,"2026-09-13 report: dilapidated shelter has rusted/leaking roof, inadequate seating and encroachment; passengers are exposed to rain and heat."
"Avvai Shanmugam Road school-zone corridor, Gopalapuram",13.0460,80.2670,unsafe_road_no_footpath,Times of India,https://timesofindia.indiatimes.com/city/chennai/chennai-school-zones-remain-unsafe-for-children/amp_articleshow/133885571.cms,"2026-09 report: school-access corridor had earlier received wider footpaths and crossings, but school vans and shop encroachments had returned, forcing children to share the road."
"Conran Smith Road school-zone corridor, Gopalapuram",13.0450,80.2685,unsafe_road_no_footpath,Times of India,https://timesofindia.indiatimes.com/city/chennai/chennai-school-zones-remain-unsafe-for-children/amp_articleshow/133885571.cms,2026-09 report: part of the CUMTA safe-school pilot corridor; renewed parking/encroachment undermines pedestrian safety and forces children toward moving traffic.
"Padmavathy Road school-zone corridor, Gopalapuram",13.0440,80.2695,unsafe_road_no_footpath,Times of India,https://timesofindia.indiatimes.com/city/chennai/chennai-school-zones-remain-unsafe-for-children/amp_articleshow/133885571.cms,2026-09 report: school-zone infrastructure has been undermined by school-van parking and renewed footpath encroachment.
Purasaiwalkam High Road outside ELM Fabricius Higher Secondary School,13.0875,80.2585,unsafe_road_no_footpath,Times of India,https://timesofindia.indiatimes.com/city/chennai/chennai-school-zones-remain-unsafe-for-children/amp_articleshow/133885571.cms,"2026-09 report: footpath obstructed at multiple points by bollards and garbage bins; walkway also ends abruptly, reducing safe pedestrian space outside the school."
"Big Street near Hindu Nursery and Primary School, Triplicane",13.0585,80.2735,unsafe_road_no_footpath,Times of India,https://timesofindia.indiatimes.com/city/chennai/chennai-school-zones-remain-unsafe-for-children/amp_articleshow/133885571.cms,"2026-09 report: pushcarts and roadside shops narrow Big Street near the school, creating an unsafe school-access environment."
"Rajarathinam Nagar outside Kalaimagal Vidhayala High School, Royapuram",13.1185,80.2905,unsafe_road_no_footpath,Times of India,https://timesofindia.indiatimes.com/city/chennai/chennai-school-zones-remain-unsafe-for-children/amp_articleshow/133885571.cms,2026-09 report: transformer unit is located directly outside the school gate; school management reported repeated requests to relocate the power unit.
